"CELL_SEQ","ROW_SEQ","COL_SEQ","CELL_VALUE","BG_COLOR"
1,1,1,"10 '23",#00B050
2,1,2,"12 '23",#00B050
3,1,3,,#E8E8E8
4,1,4,,#E8E8E8
5,1,5,,#E8E8E8
6,1,6,,#E8E8E8
7,1,7,,#E8E8E8
8,1,8,,#E8E8E8
9,1,9,,#E8E8E8
10,1,10,,#E8E8E8
11,1,11,,#E8E8E8
12,1,12,"11 '23",#00B050
13,1,13,"01 '24",#0070C0
14,1,14,,#E8E8E8
15,1,15,,#E8E8E8
16,1,16,,#E8E8E8
17,2,1,"10 '23",#00B050
18,2,2,"12 '23",#00B050
19,2,3,,#E8E8E8
20,2,4,,#E8E8E8
21,2,5,,#E8E8E8
22,2,6,,#E8E8E8
23,2,7,,#E8E8E8
24,2,8,,#E8E8E8
25,2,9,,#E8E8E8
26,2,10,,#E8E8E8
27,2,11,,#E8E8E8
28,2,12,"11 '23",#00B050
29,2,13,"01 '24",#0070C0
30,2,14,,#E8E8E8
31,2,15,,#E8E8E8
32,2,16,,#E8E8E8
33,3,1,,#E8E8E8
34,3,2,"02 '24",#0070C0
35,3,3,"03 '25",#FF6600
36,3,4,"03 '25",#FF6600
37,3,5,,#E8E8E8
38,3,6,,#E8E8E8
39,3,7,,#E8E8E8
40,3,8,,#E8E8E8
41,3,9,,#E8E8E8
42,3,10,,#E8E8E8
43,3,11,,#E8E8E8
44,3,12,,#E8E8E8
45,3,13,"04 '24",#0070C0
46,3,14,"04 '24",#0070C0
47,3,15,,#E8E8E8
48,3,16,,#E8E8E8
49,4,1,,#E8E8E8
50,4,2,"06 '24",#0070C0
51,4,3,"06 '25",#FF6600
52,4,4,"06 '25",#FF6600
53,4,5,"07 '25",#FF6600
54,4,6,,#E8E8E8
55,4,7,,#E8E8E8
56,4,8,,#E8E8E8
57,4,9,,#E8E8E8
58,4,10,,#E8E8E8
59,4,11,,#E8E8E8
60,4,12,,#E8E8E8
61,4,13,"07 '24",#0070C0
62,4,14,"07 '24",#0070C0
63,4,15,"07 '24",#0070C0
64,4,16,,#E8E8E8
65,5,1,,#E8E8E8
66,5,2,,#E8E8E8
67,5,3,"08 '25",#FF6600
68,5,4,"08 '25",#FF6600
69,5,5,"08 '25",#FF6600
70,5,6,,#E8E8E8
71,5,7,,#E8E8E8
72,5,8,,#E8E8E8
73,5,9,,#E8E8E8
74,5,10,,#E8E8E8
75,5,11,,#E8E8E8
76,5,12,,#E8E8E8
77,5,13,,#E8E8E8
78,5,14,"08 '24",#0070C0
79,5,15,"08 '24",#0070C0
80,5,16,,#E8E8E8
81,6,1,,#E8E8E8
82,6,2,,#E8E8E8
83,6,3,,#E8E8E8
84,6,4,,#E8E8E8
85,6,5,,#E8E8E8
86,6,6,"09 '24",#0070C0
87,6,7,"10 '25",#FF6600
88,6,8,,#E8E8E8
89,6,9,,#E8E8E8
90,6,10,,#E8E8E8
91,6,11,,#E8E8E8
92,6,12,,#E8E8E8
93,6,13,,#E8E8E8
94,6,14,,#E8E8E8
95,6,15,"09 '24",#0070C0
96,6,16,,#E8E8E8
97,7,1,,#E8E8E8
98,7,2,,#E8E8E8
99,7,3,,#E8E8E8
100,7,4,,#E8E8E8
101,7,5,,#E8E8E8
102,7,6,"11 '24",#0070C0
103,7,7,"12 '25",#FF6600
104,7,8,,#E8E8E8
105,7,9,,#E8E8E8
106,7,10,,#E8E8E8
107,7,11,,#E8E8E8
108,7,12,,#E8E8E8
109,7,13,,#E8E8E8
110,7,14,,#E8E8E8
111,7,15,"11 '24",#0070C0
112,7,16,,#E8E8E8
113,8,1,"12 '23",#00B050
114,8,2,"01 '24",#0070C0
115,8,3,,#E8E8E8
116,8,4,,#E8E8E8
117,8,5,,#E8E8E8
118,8,6,,#E8E8E8
119,8,7,,#E8E8E8
120,8,8,,#E8E8E8
121,8,9,,#E8E8E8
122,8,10,,#E8E8E8
123,8,11,,#E8E8E8
124,8,12,"01 '24",#0070C0
125,8,13,"02 '24",#0070C0
126,8,14,,#E8E8E8
127,8,15,,#E8E8E8
128,8,16,,#E8E8E8
129,9,1,,#E8E8E8
130,9,2,"05 '24",#0070C0
131,9,3,"07 '25",#FF6600
132,9,4,"07 '25",#FF6600
133,9,5,,#E8E8E8
134,9,6,,#E8E8E8
135,9,7,,#E8E8E8
136,9,8,,#E8E8E8
137,9,9,,#E8E8E8
138,9,10,,#E8E8E8
139,9,11,,#E8E8E8
140,9,12,,#E8E8E8
141,9,13,"06 '24",#0070C0
142,9,14,"06 '24",#0070C0
143,9,15,,#E8E8E8
144,9,16,,#E8E8E8
145,10,1,,#E8E8E8
146,10,2,,#E8E8E8
147,10,3,,#E8E8E8
148,10,4,,#E8E8E8
149,10,5,,#E8E8E8
150,10,6,"10 '24",#0070C0
151,10,7,"11 '25",#FF6600
152,10,8,,#E8E8E8
153,10,9,,#E8E8E8
154,10,10,,#E8E8E8
155,10,11,,#E8E8E8
156,10,12,,#E8E8E8
157,10,13,,#E8E8E8
158,10,14,,#E8E8E8
159,10,15,"10 '24",#0070C0
160,10,16,,#E8E8E8
161,11,1,"08 '23",#00B050
162,11,2,"10 '23",#00B050
163,11,3,,#E8E8E8
164,11,4,,#E8E8E8
165,11,5,,#E8E8E8
166,11,6,,#E8E8E8
167,11,7,,#E8E8E8
168,11,8,,#E8E8E8
169,11,9,,#E8E8E8
170,11,10,,#E8E8E8
171,11,11,,#E8E8E8
172,11,12,,#E8E8E8
173,11,13,,#E8E8E8
174,11,14,,#E8E8E8
175,11,15,,#E8E8E8
176,11,16,,#E8E8E8
177,12,1,"09 '23",#00B050
178,12,2,"11 '23",#00B050
179,12,3,,#E8E8E8
180,12,4,,#E8E8E8
181,12,5,,#E8E8E8
182,12,6,,#E8E8E8
183,12,7,,#E8E8E8
184,12,8,,#E8E8E8
185,12,9,,#E8E8E8
186,12,10,,#E8E8E8
187,12,11,,#E8E8E8
188,12,12,,#E8E8E8
189,12,13,,#E8E8E8
190,12,14,,#E8E8E8
191,12,15,,#E8E8E8
192,12,16,,#E8E8E8
193,13,1,,#E8E8E8
194,13,2,"03 '24",#0070C0
195,13,3,"05 '25",#FF6600
196,13,4,"05 '25",#FF6600
197,13,5,,#E8E8E8
198,13,6,,#E8E8E8
199,13,7,,#E8E8E8
200,13,8,,#E8E8E8
201,13,9,,#E8E8E8
202,13,10,,#E8E8E8
203,13,11,,#E8E8E8
204,13,12,,#E8E8E8
205,13,13,,#E8E8E8
206,13,14,,#E8E8E8
207,13,15,,#E8E8E8
208,13,16,,#E8E8E8
209,14,1,,#E8E8E8
210,14,2,,#E8E8E8
211,14,3,,#E8E8E8
212,14,4,,#E8E8E8
213,14,5,,#E8E8E8
214,14,6,,#E8E8E8
215,14,7,,#E8E8E8
216,14,8,"07 '26",#7030A0
217,14,9,"08 '26",#7030A0
218,14,10,,#E8E8E8
219,14,11,,#E8E8E8
220,14,12,,#E8E8E8
221,14,13,,#E8E8E8
222,14,14,,#E8E8E8
223,14,15,,#E8E8E8
224,14,16,"07 '26",#7030A0
225,15,1,,#E8E8E8
226,15,2,,#E8E8E8
227,15,3,,#E8E8E8
228,15,4,,#E8E8E8
229,15,5,,#E8E8E8
230,15,6,,#E8E8E8
231,15,7,,#E8E8E8
232,15,8,,#E8E8E8
233,15,9,,#E8E8E8
234,15,10,"10 '27",#FF0000
235,15,11,"11 '27",#FF0000
236,15,12,,#E8E8E8
237,15,13,,#E8E8E8
238,15,14,,#E8E8E8
239,15,15,,#E8E8E8
240,15,16,,#E8E8E8
241,16,17,"10 '23",#00B050
242,16,18,"12 '23",#00B050
243,16,19,,#0A0A14
244,16,20,,#0A0A14
245,16,21,,#0A0A14
246,16,22,,#0A0A14
247,16,23,,#0A0A14
248,16,24,"11 '23",#00B050
249,16,25,"01 '24",#0070C0
250,16,26,,#0A0A14
251,16,27,,#0A0A14
252,16,28,,#0A0A14
253,16,29,"03 '24",#0070C0
254,16,30,,#0A0A14
255,16,31,,#0A0A14
256,16,32,,#0A0A14
257,16,33,,#0A0A14
258,16,34,,#0A0A14
259,16,35,,#0A0A14
260,16,36,,#0A0A14
261,16,37,,#0A0A14
262,16,38,,#0A0A14
263,17,17,"10 '23",#00B050
264,17,18,"12 '23",#00B050
265,17,19,,#0A0A14
266,17,20,,#0A0A14
267,17,21,,#0A0A14
268,17,22,,#0A0A14
269,17,23,,#0A0A14
270,17,24,"11 '23",#00B050
271,17,25,"01 '24",#0070C0
272,17,26,,#0A0A14
273,17,27,,#0A0A14
274,17,28,,#0A0A14
275,17,29,"03 '24",#0070C0
276,17,30,,#0A0A14
277,17,31,,#0A0A14
278,17,32,,#0A0A14
279,17,33,,#0A0A14
280,17,34,,#0A0A14
281,17,35,,#0A0A14
282,17,36,,#0A0A14
283,17,37,,#0A0A14
284,17,38,,#0A0A14
285,18,17,,#0A0A14
286,18,18,"02 '24",#0070C0
287,18,19,"03 '25",#FF6600
288,18,20,"03 '25",#FF6600
289,18,21,,#0A0A14
290,18,22,,#0A0A14
291,18,23,,#0A0A14
292,18,24,,#0A0A14
293,18,25,"04 '24",#0070C0
294,18,26,"04 '24",#0070C0
295,18,27,,#0A0A14
296,18,28,,#0A0A14
297,18,29,,#0A0A14
298,18,30,,#0A0A14
299,18,31,,#0A0A14
300,18,32,"05 '24",#0070C0
301,18,33,,#0A0A14
302,18,34,,#0A0A14
303,18,35,,#0A0A14
304,18,36,,#0A0A14
305,18,37,,#0A0A14
306,18,38,,#0A0A14
307,19,17,,#0A0A14
308,19,18,"06 '24",#0070C0
309,19,19,"06 '25",#FF6600
310,19,20,"06 '25",#FF6600
311,19,21,"07 '25",#FF6600
312,19,22,,#0A0A14
313,19,23,,#0A0A14
314,19,24,,#0A0A14
315,19,25,"07 '24",#0070C0
316,19,26,"07 '24",#0070C0
317,19,27,"07 '24",#0070C0
318,19,28,,#0A0A14
319,19,29,,#0A0A14
320,19,30,,#0A0A14
321,19,31,,#0A0A14
322,19,32,"07 '24",#0070C0
323,19,33,"09 '26",#7030A0
324,19,34,,#0A0A14
325,19,35,,#0A0A14
326,19,36,,#0A0A14
327,19,37,,#0A0A14
328,19,38,,#0A0A14
329,20,17,,#0A0A14
330,20,18,,#0A0A14
331,20,19,"08 '25",#FF6600
332,20,20,"08 '25",#FF6600
333,20,21,"08 '25",#FF6600
334,20,22,,#0A0A14
335,20,23,,#0A0A14
336,20,24,,#0A0A14
337,20,25,,#0A0A14
338,20,26,"08 '24",#0070C0
339,20,27,"08 '24",#0070C0
340,20,28,,#0A0A14
341,20,29,,#0A0A14
342,20,30,,#0A0A14
343,20,31,,#0A0A14
344,20,32,"08 '24",#0070C0
345,20,33,,#0A0A14
346,20,34,,#0A0A14
347,20,35,"07 '27",#FF0000
348,20,36,,#0A0A14
349,20,37,,#0A0A14
350,20,38,,#0A0A14
351,21,17,,#0A0A14
352,21,18,,#0A0A14
353,21,19,,#0A0A14
354,21,20,,#0A0A14
355,21,21,,#0A0A14
356,21,22,"09 '24",#0070C0
357,21,23,"10 '25",#FF6600
358,21,24,,#0A0A14
359,21,25,,#0A0A14
360,21,26,,#0A0A14
361,21,27,"09 '24",#0070C0
362,21,28,,#0A0A14
363,21,29,,#0A0A14
364,21,30,,#0A0A14
365,21,31,,#0A0A14
366,21,32,,#0A0A14
367,21,33,,#0A0A14
368,21,34,"10 '26",#7030A0
369,21,35,,#0A0A14
370,21,36,,#0A0A14
371,21,37,,#0A0A14
372,21,38,,#0A0A14
373,22,17,,#0A0A14
374,22,18,,#0A0A14
375,22,19,,#0A0A14
376,22,20,,#0A0A14
377,22,21,,#0A0A14
378,22,22,"11 '24",#0070C0
379,22,23,"12 '25",#FF6600
380,22,24,,#0A0A14
381,22,25,,#0A0A14
382,22,26,,#0A0A14
383,22,27,"11 '24",#0070C0
384,22,28,,#0A0A14
385,22,29,,#0A0A14
386,22,30,,#0A0A14
387,22,31,,#0A0A14
388,22,32,,#0A0A14
389,22,33,,#0A0A14
390,22,34,"11 '26",#7030A0
391,22,35,,#0A0A14
392,22,36,,#0A0A14
393,22,37,,#0A0A14
394,22,38,,#0A0A14
395,23,17,"12 '23",#00B050
396,23,18,"01 '24",#0070C0
397,23,19,,#0A0A14
398,23,20,,#0A0A14
399,23,21,,#0A0A14
400,23,22,,#0A0A14
401,23,23,,#0A0A14
402,23,24,"01 '24",#0070C0
403,23,25,"02 '24",#0070C0
404,23,26,,#0A0A14
405,23,27,,#0A0A14
406,23,28,,#0A0A14
407,23,29,,#0A0A14
408,23,30,"04 '24",#0070C0
409,23,31,"05 '24",#0070C0
410,23,32,,#0A0A14
411,23,33,,#0A0A14
412,23,34,,#0A0A14
413,23,35,,#0A0A14
414,23,36,,#0A0A14
415,23,37,,#0A0A14
416,23,38,,#0A0A14
417,24,17,,#0A0A14
418,24,18,"05 '24",#0070C0
419,24,19,"07 '25",#FF6600
420,24,20,"07 '25",#FF6600
421,24,21,,#0A0A14
422,24,22,,#0A0A14
423,24,23,,#0A0A14
424,24,24,,#0A0A14
425,24,25,"06 '24",#0070C0
426,24,26,"06 '24",#0070C0
427,24,27,,#0A0A14
428,24,28,,#0A0A14
429,24,29,,#0A0A14
430,24,30,,#0A0A14
431,24,31,,#0A0A14
432,24,32,"09 '24",#0070C0
433,24,33,,#0A0A14
434,24,34,,#0A0A14
435,24,35,,#0A0A14
436,24,36,,#0A0A14
437,24,37,,#0A0A14
438,24,38,,#0A0A14
439,25,17,,#0A0A14
440,25,18,,#0A0A14
441,25,19,,#0A0A14
442,25,20,,#0A0A14
443,25,21,,#0A0A14
444,25,22,"10 '24",#0070C0
445,25,23,"11 '25",#FF6600
446,25,24,,#0A0A14
447,25,25,,#0A0A14
448,25,26,,#0A0A14
449,25,27,"10 '24",#0070C0
450,25,28,,#0A0A14
451,25,29,,#0A0A14
452,25,30,,#0A0A14
453,25,31,,#0A0A14
454,25,32,,#0A0A14
455,25,33,,#0A0A14
456,25,34,"12 '26",#7030A0
457,25,35,,#0A0A14
458,25,36,"08 '27",#FF0000
459,25,37,,#0A0A14
460,25,38,,#0A0A14
461,26,17,"08 '23",#00B050
462,26,18,"10 '23",#00B050
463,26,19,,#0A0A14
464,26,20,,#0A0A14
465,26,21,,#0A0A14
466,26,22,,#0A0A14
467,26,23,,#0A0A14
468,26,24,,#0A0A14
469,26,25,,#0A0A14
470,26,26,,#0A0A14
471,26,27,,#0A0A14
472,26,28,,#0A0A14
473,26,29,,#0A0A14
474,26,30,,#0A0A14
475,26,31,,#0A0A14
476,26,32,,#0A0A14
477,26,33,,#0A0A14
478,26,34,,#0A0A14
479,26,35,,#0A0A14
480,26,36,,#0A0A14
481,26,37,,#0A0A14
482,26,38,,#0A0A14
483,27,17,"09 '23",#00B050
484,27,18,"11 '23",#00B050
485,27,19,,#0A0A14
486,27,20,,#0A0A14
487,27,21,,#0A0A14
488,27,22,,#0A0A14
489,27,23,,#0A0A14
490,27,24,,#0A0A14
491,27,25,,#0A0A14
492,27,26,,#0A0A14
493,27,27,,#0A0A14
494,27,28,,#0A0A14
495,27,29,,#0A0A14
496,27,30,,#0A0A14
497,27,31,,#0A0A14
498,27,32,,#0A0A14
499,27,33,,#0A0A14
500,27,34,,#0A0A14
501,27,35,,#0A0A14
502,27,36,,#0A0A14
503,27,37,,#0A0A14
504,27,38,,#0A0A14
505,28,17,,#0A0A14
506,28,18,"03 '24",#0070C0
507,28,19,"05 '25",#FF6600
508,28,20,"05 '25",#FF6600
509,28,21,,#0A0A14
510,28,22,,#0A0A14
511,28,23,,#0A0A14
512,28,24,,#0A0A14
513,28,25,,#0A0A14
514,28,26,,#0A0A14
515,28,27,,#0A0A14
516,28,28,,#0A0A14
517,28,29,,#0A0A14
518,28,30,,#0A0A14
519,28,31,,#0A0A14
520,28,32,,#0A0A14
521,28,33,,#0A0A14
522,28,34,,#0A0A14
523,28,35,,#0A0A14
524,28,36,,#0A0A14
525,28,37,,#0A0A14
526,28,38,,#0A0A14
527,29,17,,#0A0A14
528,29,18,,#0A0A14
529,29,19,,#0A0A14
530,29,20,,#0A0A14
531,29,21,,#0A0A14
532,29,22,,#0A0A14
533,29,23,,#0A0A14
534,29,24,,#0A0A14
535,29,25,,#0A0A14
536,29,26,,#0A0A14
537,29,27,,#0A0A14
538,29,28,"07 '26",#7030A0
539,29,29,,#0A0A14
540,29,30,,#0A0A14
541,29,31,,#0A0A14
542,29,32,,#0A0A14
543,29,33,,#0A0A14
544,29,34,,#0A0A14
545,29,35,,#0A0A14
546,29,36,,#0A0A14
547,29,37,"09 '27",#FF0000
548,29,38,"10 '27",#FF0000
549,30,17,,#0A0A14
550,30,18,,#0A0A14
551,30,19,,#0A0A14
552,30,20,,#0A0A14
553,30,21,,#0A0A14
554,30,22,,#0A0A14
555,30,23,,#0A0A14
556,30,24,,#0A0A14
557,30,25,,#0A0A14
558,30,26,,#0A0A14
559,30,27,,#0A0A14
560,30,28,,#0A0A14
561,30,29,,#0A0A14
562,30,30,,#0A0A14
563,30,31,,#0A0A14
564,30,32,,#0A0A14
565,30,33,,#0A0A14
566,30,34,,#0A0A14
567,30,35,,#0A0A14
568,30,36,,#0A0A14
569,30,37,"11 '27",#FF0000
570,30,38,"12 '27",#FF0000
571,31,50,,#E8E8E8
572,31,39,VP,#00B050
573,31,40,,#E8E8E8
574,31,41,,#E8E8E8
575,31,42,,#E8E8E8
576,31,43,,#E8E8E8
577,31,44,,#E8E8E8
578,31,45,,#E8E8E8
579,31,46,,#E8E8E8
580,31,47,,#E8E8E8
581,31,48,,#E8E8E8
582,31,49,,#E8E8E8
583,32,50,,#E8E8E8
584,32,39,,#E8E8E8
585,32,40,,#E8E8E8
586,32,41,,#E8E8E8
587,32,42,,#E8E8E8
588,32,43,,#E8E8E8
589,32,44,,#E8E8E8
590,32,45,,#E8E8E8
591,32,46,,#E8E8E8
592,32,47,VL,#FF6600
593,32,48,,#E8E8E8
594,32,49,,#E8E8E8
595,33,50,,#E8E8E8
596,33,39,,#E8E8E8
597,33,40,,#E8E8E8
598,33,41,,#E8E8E8
599,33,42,,#E8E8E8
600,33,43,,#E8E8E8
601,33,44,,#E8E8E8
602,33,45,,#E8E8E8
603,33,46,,#E8E8E8
604,33,47,,#E8E8E8
605,33,48,VH,#0070C0
606,33,49,,#E8E8E8
607,34,50,,#E8E8E8
608,34,39,,#E8E8E8
609,34,40,,#E8E8E8
610,34,41,,#E8E8E8
611,34,42,,#E8E8E8
612,34,43,,#E8E8E8
613,34,44,,#E8E8E8
614,34,45,,#E8E8E8
615,34,46,,#E8E8E8
616,34,47,,#E8E8E8
617,34,48,,#E8E8E8
618,34,49,VH,#0070C0
619,35,50,VH,#0070C0
620,35,39,,#E8E8E8
621,35,40,,#E8E8E8
622,35,41,,#E8E8E8
623,35,42,,#E8E8E8
624,35,43,,#E8E8E8
625,35,44,,#E8E8E8
626,35,45,,#E8E8E8
627,35,46,,#E8E8E8
628,35,47,,#E8E8E8
629,35,48,,#E8E8E8
630,35,49,,#E8E8E8
631,36,50,,#E8E8E8
632,36,39,,#E8E8E8
633,36,40,,#E8E8E8
634,36,41,,#E8E8E8
635,36,42,,#E8E8E8
636,36,43,,#E8E8E8
637,36,44,,#E8E8E8
638,36,45,,#E8E8E8
639,36,46,,#E8E8E8
640,36,47,,#E8E8E8
641,36,48,,#E8E8E8
642,36,49,VL,#FF6600
643,37,50,VL,#FF6600
644,37,39,,#E8E8E8
645,37,40,,#E8E8E8
646,37,41,,#E8E8E8
647,37,42,,#E8E8E8
648,37,43,,#E8E8E8
649,37,44,,#E8E8E8
650,37,45,,#E8E8E8
651,37,46,,#E8E8E8
652,37,47,,#E8E8E8
653,37,48,,#E8E8E8
654,37,49,,#E8E8E8
655,38,50,VH,#0070C0
656,38,39,,#E8E8E8
657,38,40,,#E8E8E8
658,38,41,,#E8E8E8
659,38,42,,#E8E8E8
660,38,43,,#E8E8E8
661,38,44,,#E8E8E8
662,38,45,,#E8E8E8
663,38,46,,#E8E8E8
664,38,47,,#E8E8E8
665,38,48,,#E8E8E8
666,38,49,,#E8E8E8
667,39,50,VH,#0070C0
668,39,39,,#E8E8E8
669,39,40,,#E8E8E8
670,39,41,,#E8E8E8
671,39,42,,#E8E8E8
672,39,43,,#E8E8E8
673,39,44,,#E8E8E8
674,39,45,,#E8E8E8
675,39,46,,#E8E8E8
676,39,47,,#E8E8E8
677,39,48,,#E8E8E8
678,39,49,,#E8E8E8
679,40,50,VP,#00B050
680,40,39,,#E8E8E8
681,40,40,,#E8E8E8
682,40,41,,#E8E8E8
683,40,42,,#E8E8E8
684,40,43,,#E8E8E8
685,40,44,,#E8E8E8
686,40,45,,#E8E8E8
687,40,46,,#E8E8E8
688,40,47,,#E8E8E8
689,40,48,,#E8E8E8
690,40,49,,#E8E8E8
