"CELL_H_SEQ","CELL_SEQ","ROW_SEQ","COL_SEQ","UPLOAD_SEQ","CELL_VALUE","BG_COLOR"
685,685,40,44,3,,#E8E8E8
686,686,40,45,3,,#E8E8E8
687,687,40,46,3,,#E8E8E8
688,688,40,47,3,,#E8E8E8
689,689,40,48,3,,#E8E8E8
690,690,40,49,3,,#E8E8E8
1,1,1,1,1,"10 '23",#00B050
2,2,1,2,1,"12 '23",#00B050
3,3,1,3,1,,#E8E8E8
4,4,1,4,1,,#E8E8E8
5,5,1,5,1,,#E8E8E8
6,6,1,6,1,,#E8E8E8
7,7,1,7,1,,#E8E8E8
8,8,1,8,1,,#E8E8E8
9,9,1,9,1,,#E8E8E8
10,10,1,10,1,,#E8E8E8
11,11,1,11,1,,#E8E8E8
12,12,1,12,1,"11 '23",#00B050
13,13,1,13,1,"01 '24",#0070C0
14,14,1,14,1,,#E8E8E8
15,15,1,15,1,,#E8E8E8
16,16,1,16,1,,#E8E8E8
17,17,2,1,1,"10 '23",#00B050
18,18,2,2,1,"12 '23",#00B050
19,19,2,3,1,,#E8E8E8
20,20,2,4,1,,#E8E8E8
21,21,2,5,1,,#E8E8E8
22,22,2,6,1,,#E8E8E8
23,23,2,7,1,,#E8E8E8
24,24,2,8,1,,#E8E8E8
25,25,2,9,1,,#E8E8E8
26,26,2,10,1,,#E8E8E8
27,27,2,11,1,,#E8E8E8
28,28,2,12,1,"11 '23",#00B050
29,29,2,13,1,"01 '24",#0070C0
30,30,2,14,1,,#E8E8E8
31,31,2,15,1,,#E8E8E8
32,32,2,16,1,,#E8E8E8
33,33,3,1,1,,#E8E8E8
34,34,3,2,1,"02 '24",#0070C0
35,35,3,3,1,"03 '25",#FF6600
36,36,3,4,1,"03 '25",#FF6600
37,37,3,5,1,,#E8E8E8
38,38,3,6,1,,#E8E8E8
39,39,3,7,1,,#E8E8E8
40,40,3,8,1,,#E8E8E8
41,41,3,9,1,,#E8E8E8
42,42,3,10,1,,#E8E8E8
43,43,3,11,1,,#E8E8E8
44,44,3,12,1,,#E8E8E8
45,45,3,13,1,"04 '24",#0070C0
46,46,3,14,1,"04 '24",#0070C0
47,47,3,15,1,,#E8E8E8
48,48,3,16,1,,#E8E8E8
49,49,4,1,1,,#E8E8E8
50,50,4,2,1,"06 '24",#0070C0
51,51,4,3,1,"06 '25",#FF6600
52,52,4,4,1,"06 '25",#FF6600
53,53,4,5,1,"07 '25",#FF6600
54,54,4,6,1,,#E8E8E8
55,55,4,7,1,,#E8E8E8
56,56,4,8,1,,#E8E8E8
57,57,4,9,1,,#E8E8E8
58,58,4,10,1,,#E8E8E8
59,59,4,11,1,,#E8E8E8
60,60,4,12,1,,#E8E8E8
61,61,4,13,1,"07 '24",#0070C0
62,62,4,14,1,"07 '24",#0070C0
63,63,4,15,1,"07 '24",#0070C0
64,64,4,16,1,,#E8E8E8
65,65,5,1,1,,#E8E8E8
66,66,5,2,1,,#E8E8E8
67,67,5,3,1,"08 '25",#FF6600
68,68,5,4,1,"08 '25",#FF6600
69,69,5,5,1,"08 '25",#FF6600
70,70,5,6,1,,#E8E8E8
71,71,5,7,1,,#E8E8E8
72,72,5,8,1,,#E8E8E8
73,73,5,9,1,,#E8E8E8
74,74,5,10,1,,#E8E8E8
75,75,5,11,1,,#E8E8E8
76,76,5,12,1,,#E8E8E8
77,77,5,13,1,,#E8E8E8
78,78,5,14,1,"08 '24",#0070C0
79,79,5,15,1,"08 '24",#0070C0
80,80,5,16,1,,#E8E8E8
81,81,6,1,1,,#E8E8E8
82,82,6,2,1,,#E8E8E8
83,83,6,3,1,,#E8E8E8
84,84,6,4,1,,#E8E8E8
85,85,6,5,1,,#E8E8E8
86,86,6,6,1,"09 '24",#0070C0
87,87,6,7,1,"10 '25",#FF6600
88,88,6,8,1,,#E8E8E8
89,89,6,9,1,,#E8E8E8
90,90,6,10,1,,#E8E8E8
91,91,6,11,1,,#E8E8E8
92,92,6,12,1,,#E8E8E8
93,93,6,13,1,,#E8E8E8
94,94,6,14,1,,#E8E8E8
95,95,6,15,1,"09 '24",#0070C0
96,96,6,16,1,,#E8E8E8
97,97,7,1,1,,#E8E8E8
98,98,7,2,1,,#E8E8E8
99,99,7,3,1,,#E8E8E8
100,100,7,4,1,,#E8E8E8
101,101,7,5,1,,#E8E8E8
102,102,7,6,1,"11 '24",#0070C0
103,103,7,7,1,"12 '25",#FF6600
104,104,7,8,1,,#E8E8E8
105,105,7,9,1,,#E8E8E8
106,106,7,10,1,,#E8E8E8
107,107,7,11,1,,#E8E8E8
108,108,7,12,1,,#E8E8E8
109,109,7,13,1,,#E8E8E8
110,110,7,14,1,,#E8E8E8
111,111,7,15,1,"11 '24",#0070C0
112,112,7,16,1,,#E8E8E8
113,113,8,1,1,"12 '23",#00B050
114,114,8,2,1,"01 '24",#0070C0
115,115,8,3,1,,#E8E8E8
116,116,8,4,1,,#E8E8E8
117,117,8,5,1,,#E8E8E8
118,118,8,6,1,,#E8E8E8
119,119,8,7,1,,#E8E8E8
120,120,8,8,1,,#E8E8E8
121,121,8,9,1,,#E8E8E8
122,122,8,10,1,,#E8E8E8
123,123,8,11,1,,#E8E8E8
124,124,8,12,1,"01 '24",#0070C0
125,125,8,13,1,"02 '24",#0070C0
126,126,8,14,1,,#E8E8E8
127,127,8,15,1,,#E8E8E8
128,128,8,16,1,,#E8E8E8
129,129,9,1,1,,#E8E8E8
130,130,9,2,1,"05 '24",#0070C0
131,131,9,3,1,"07 '25",#FF6600
132,132,9,4,1,"07 '25",#FF6600
133,133,9,5,1,,#E8E8E8
134,134,9,6,1,,#E8E8E8
135,135,9,7,1,,#E8E8E8
136,136,9,8,1,,#E8E8E8
137,137,9,9,1,,#E8E8E8
138,138,9,10,1,,#E8E8E8
139,139,9,11,1,,#E8E8E8
140,140,9,12,1,,#E8E8E8
141,141,9,13,1,"06 '24",#0070C0
142,142,9,14,1,"06 '24",#0070C0
143,143,9,15,1,,#E8E8E8
144,144,9,16,1,,#E8E8E8
145,145,10,1,1,,#E8E8E8
146,146,10,2,1,,#E8E8E8
147,147,10,3,1,,#E8E8E8
148,148,10,4,1,,#E8E8E8
149,149,10,5,1,,#E8E8E8
150,150,10,6,1,"10 '24",#0070C0
151,151,10,7,1,"11 '25",#FF6600
152,152,10,8,1,,#E8E8E8
153,153,10,9,1,,#E8E8E8
154,154,10,10,1,,#E8E8E8
155,155,10,11,1,,#E8E8E8
156,156,10,12,1,,#E8E8E8
157,157,10,13,1,,#E8E8E8
158,158,10,14,1,,#E8E8E8
159,159,10,15,1,"10 '24",#0070C0
160,160,10,16,1,,#E8E8E8
161,161,11,1,1,"08 '23",#00B050
162,162,11,2,1,"10 '23",#00B050
163,163,11,3,1,,#E8E8E8
164,164,11,4,1,,#E8E8E8
165,165,11,5,1,,#E8E8E8
166,166,11,6,1,,#E8E8E8
167,167,11,7,1,,#E8E8E8
168,168,11,8,1,,#E8E8E8
169,169,11,9,1,,#E8E8E8
170,170,11,10,1,,#E8E8E8
171,171,11,11,1,,#E8E8E8
172,172,11,12,1,,#E8E8E8
173,173,11,13,1,,#E8E8E8
174,174,11,14,1,,#E8E8E8
175,175,11,15,1,,#E8E8E8
176,176,11,16,1,,#E8E8E8
177,177,12,1,1,"09 '23",#00B050
178,178,12,2,1,"11 '23",#00B050
179,179,12,3,1,,#E8E8E8
180,180,12,4,1,,#E8E8E8
181,181,12,5,1,,#E8E8E8
182,182,12,6,1,,#E8E8E8
183,183,12,7,1,,#E8E8E8
184,184,12,8,1,,#E8E8E8
185,185,12,9,1,,#E8E8E8
186,186,12,10,1,,#E8E8E8
187,187,12,11,1,,#E8E8E8
188,188,12,12,1,,#E8E8E8
189,189,12,13,1,,#E8E8E8
190,190,12,14,1,,#E8E8E8
191,191,12,15,1,,#E8E8E8
192,192,12,16,1,,#E8E8E8
193,193,13,1,1,,#E8E8E8
194,194,13,2,1,"03 '24",#0070C0
195,195,13,3,1,"05 '25",#FF6600
196,196,13,4,1,"05 '25",#FF6600
197,197,13,5,1,,#E8E8E8
198,198,13,6,1,,#E8E8E8
199,199,13,7,1,,#E8E8E8
200,200,13,8,1,,#E8E8E8
201,201,13,9,1,,#E8E8E8
202,202,13,10,1,,#E8E8E8
203,203,13,11,1,,#E8E8E8
204,204,13,12,1,,#E8E8E8
205,205,13,13,1,,#E8E8E8
206,206,13,14,1,,#E8E8E8
207,207,13,15,1,,#E8E8E8
208,208,13,16,1,,#E8E8E8
209,209,14,1,1,,#E8E8E8
210,210,14,2,1,,#E8E8E8
211,211,14,3,1,,#E8E8E8
212,212,14,4,1,,#E8E8E8
213,213,14,5,1,,#E8E8E8
214,214,14,6,1,,#E8E8E8
215,215,14,7,1,,#E8E8E8
216,216,14,8,1,"07 '26",#7030A0
217,217,14,9,1,"08 '26",#7030A0
218,218,14,10,1,,#E8E8E8
219,219,14,11,1,,#E8E8E8
220,220,14,12,1,,#E8E8E8
221,221,14,13,1,,#E8E8E8
222,222,14,14,1,,#E8E8E8
223,223,14,15,1,,#E8E8E8
224,224,14,16,1,"07 '26",#7030A0
225,225,15,1,1,,#E8E8E8
226,226,15,2,1,,#E8E8E8
227,227,15,3,1,,#E8E8E8
228,228,15,4,1,,#E8E8E8
229,229,15,5,1,,#E8E8E8
230,230,15,6,1,,#E8E8E8
231,231,15,7,1,,#E8E8E8
232,232,15,8,1,,#E8E8E8
233,233,15,9,1,,#E8E8E8
234,234,15,10,1,"10 '27",#FF0000
235,235,15,11,1,"11 '27",#FF0000
236,236,15,12,1,,#E8E8E8
237,237,15,13,1,,#E8E8E8
238,238,15,14,1,,#E8E8E8
239,239,15,15,1,,#E8E8E8
240,240,15,16,1,,#E8E8E8
241,241,16,17,2,"10 '23",#00B050
242,242,16,18,2,"12 '23",#00B050
243,243,16,19,2,,#0A0A14
244,244,16,20,2,,#0A0A14
245,245,16,21,2,,#0A0A14
246,246,16,22,2,,#0A0A14
247,247,16,23,2,,#0A0A14
248,248,16,24,2,"11 '23",#00B050
249,249,16,25,2,"01 '24",#0070C0
250,250,16,26,2,,#0A0A14
251,251,16,27,2,,#0A0A14
252,252,16,28,2,,#0A0A14
253,253,16,29,2,"03 '24",#0070C0
254,254,16,30,2,,#0A0A14
255,255,16,31,2,,#0A0A14
256,256,16,32,2,,#0A0A14
257,257,16,33,2,,#0A0A14
258,258,16,34,2,,#0A0A14
259,259,16,35,2,,#0A0A14
260,260,16,36,2,,#0A0A14
261,261,16,37,2,,#0A0A14
262,262,16,38,2,,#0A0A14
263,263,17,17,2,"10 '23",#00B050
264,264,17,18,2,"12 '23",#00B050
265,265,17,19,2,,#0A0A14
266,266,17,20,2,,#0A0A14
267,267,17,21,2,,#0A0A14
268,268,17,22,2,,#0A0A14
269,269,17,23,2,,#0A0A14
270,270,17,24,2,"11 '23",#00B050
271,271,17,25,2,"01 '24",#0070C0
272,272,17,26,2,,#0A0A14
273,273,17,27,2,,#0A0A14
274,274,17,28,2,,#0A0A14
275,275,17,29,2,"03 '24",#0070C0
276,276,17,30,2,,#0A0A14
277,277,17,31,2,,#0A0A14
278,278,17,32,2,,#0A0A14
279,279,17,33,2,,#0A0A14
280,280,17,34,2,,#0A0A14
281,281,17,35,2,,#0A0A14
282,282,17,36,2,,#0A0A14
283,283,17,37,2,,#0A0A14
284,284,17,38,2,,#0A0A14
285,285,18,17,2,,#0A0A14
286,286,18,18,2,"02 '24",#0070C0
287,287,18,19,2,"03 '25",#FF6600
288,288,18,20,2,"03 '25",#FF6600
289,289,18,21,2,,#0A0A14
290,290,18,22,2,,#0A0A14
291,291,18,23,2,,#0A0A14
292,292,18,24,2,,#0A0A14
293,293,18,25,2,"04 '24",#0070C0
294,294,18,26,2,"04 '24",#0070C0
295,295,18,27,2,,#0A0A14
296,296,18,28,2,,#0A0A14
297,297,18,29,2,,#0A0A14
298,298,18,30,2,,#0A0A14
299,299,18,31,2,,#0A0A14
300,300,18,32,2,"05 '24",#0070C0
301,301,18,33,2,,#0A0A14
302,302,18,34,2,,#0A0A14
303,303,18,35,2,,#0A0A14
304,304,18,36,2,,#0A0A14
305,305,18,37,2,,#0A0A14
306,306,18,38,2,,#0A0A14
307,307,19,17,2,,#0A0A14
308,308,19,18,2,"06 '24",#0070C0
309,309,19,19,2,"06 '25",#FF6600
310,310,19,20,2,"06 '25",#FF6600
311,311,19,21,2,"07 '25",#FF6600
312,312,19,22,2,,#0A0A14
313,313,19,23,2,,#0A0A14
314,314,19,24,2,,#0A0A14
315,315,19,25,2,"07 '24",#0070C0
316,316,19,26,2,"07 '24",#0070C0
317,317,19,27,2,"07 '24",#0070C0
318,318,19,28,2,,#0A0A14
319,319,19,29,2,,#0A0A14
320,320,19,30,2,,#0A0A14
321,321,19,31,2,,#0A0A14
322,322,19,32,2,"07 '24",#0070C0
323,323,19,33,2,"09 '26",#7030A0
324,324,19,34,2,,#0A0A14
325,325,19,35,2,,#0A0A14
326,326,19,36,2,,#0A0A14
327,327,19,37,2,,#0A0A14
328,328,19,38,2,,#0A0A14
329,329,20,17,2,,#0A0A14
330,330,20,18,2,,#0A0A14
331,331,20,19,2,"08 '25",#FF6600
332,332,20,20,2,"08 '25",#FF6600
333,333,20,21,2,"08 '25",#FF6600
334,334,20,22,2,,#0A0A14
335,335,20,23,2,,#0A0A14
336,336,20,24,2,,#0A0A14
337,337,20,25,2,,#0A0A14
338,338,20,26,2,"08 '24",#0070C0
339,339,20,27,2,"08 '24",#0070C0
340,340,20,28,2,,#0A0A14
341,341,20,29,2,,#0A0A14
342,342,20,30,2,,#0A0A14
343,343,20,31,2,,#0A0A14
344,344,20,32,2,"08 '24",#0070C0
345,345,20,33,2,,#0A0A14
346,346,20,34,2,,#0A0A14
347,347,20,35,2,"07 '27",#FF0000
348,348,20,36,2,,#0A0A14
349,349,20,37,2,,#0A0A14
350,350,20,38,2,,#0A0A14
351,351,21,17,2,,#0A0A14
352,352,21,18,2,,#0A0A14
353,353,21,19,2,,#0A0A14
354,354,21,20,2,,#0A0A14
355,355,21,21,2,,#0A0A14
356,356,21,22,2,"09 '24",#0070C0
357,357,21,23,2,"10 '25",#FF6600
358,358,21,24,2,,#0A0A14
359,359,21,25,2,,#0A0A14
360,360,21,26,2,,#0A0A14
361,361,21,27,2,"09 '24",#0070C0
362,362,21,28,2,,#0A0A14
363,363,21,29,2,,#0A0A14
364,364,21,30,2,,#0A0A14
365,365,21,31,2,,#0A0A14
366,366,21,32,2,,#0A0A14
367,367,21,33,2,,#0A0A14
368,368,21,34,2,"10 '26",#7030A0
369,369,21,35,2,,#0A0A14
370,370,21,36,2,,#0A0A14
371,371,21,37,2,,#0A0A14
372,372,21,38,2,,#0A0A14
373,373,22,17,2,,#0A0A14
374,374,22,18,2,,#0A0A14
375,375,22,19,2,,#0A0A14
376,376,22,20,2,,#0A0A14
377,377,22,21,2,,#0A0A14
378,378,22,22,2,"11 '24",#0070C0
379,379,22,23,2,"12 '25",#FF6600
380,380,22,24,2,,#0A0A14
381,381,22,25,2,,#0A0A14
382,382,22,26,2,,#0A0A14
383,383,22,27,2,"11 '24",#0070C0
384,384,22,28,2,,#0A0A14
385,385,22,29,2,,#0A0A14
386,386,22,30,2,,#0A0A14
387,387,22,31,2,,#0A0A14
388,388,22,32,2,,#0A0A14
389,389,22,33,2,,#0A0A14
390,390,22,34,2,"11 '26",#7030A0
391,391,22,35,2,,#0A0A14
392,392,22,36,2,,#0A0A14
393,393,22,37,2,,#0A0A14
394,394,22,38,2,,#0A0A14
395,395,23,17,2,"12 '23",#00B050
396,396,23,18,2,"01 '24",#0070C0
397,397,23,19,2,,#0A0A14
398,398,23,20,2,,#0A0A14
399,399,23,21,2,,#0A0A14
400,400,23,22,2,,#0A0A14
401,401,23,23,2,,#0A0A14
402,402,23,24,2,"01 '24",#0070C0
403,403,23,25,2,"02 '24",#0070C0
404,404,23,26,2,,#0A0A14
405,405,23,27,2,,#0A0A14
406,406,23,28,2,,#0A0A14
407,407,23,29,2,,#0A0A14
408,408,23,30,2,"04 '24",#0070C0
409,409,23,31,2,"05 '24",#0070C0
410,410,23,32,2,,#0A0A14
411,411,23,33,2,,#0A0A14
412,412,23,34,2,,#0A0A14
413,413,23,35,2,,#0A0A14
414,414,23,36,2,,#0A0A14
415,415,23,37,2,,#0A0A14
416,416,23,38,2,,#0A0A14
417,417,24,17,2,,#0A0A14
418,418,24,18,2,"05 '24",#0070C0
419,419,24,19,2,"07 '25",#FF6600
420,420,24,20,2,"07 '25",#FF6600
421,421,24,21,2,,#0A0A14
422,422,24,22,2,,#0A0A14
423,423,24,23,2,,#0A0A14
424,424,24,24,2,,#0A0A14
425,425,24,25,2,"06 '24",#0070C0
426,426,24,26,2,"06 '24",#0070C0
427,427,24,27,2,,#0A0A14
428,428,24,28,2,,#0A0A14
429,429,24,29,2,,#0A0A14
430,430,24,30,2,,#0A0A14
431,431,24,31,2,,#0A0A14
432,432,24,32,2,"09 '24",#0070C0
433,433,24,33,2,,#0A0A14
434,434,24,34,2,,#0A0A14
435,435,24,35,2,,#0A0A14
436,436,24,36,2,,#0A0A14
437,437,24,37,2,,#0A0A14
438,438,24,38,2,,#0A0A14
439,439,25,17,2,,#0A0A14
440,440,25,18,2,,#0A0A14
441,441,25,19,2,,#0A0A14
442,442,25,20,2,,#0A0A14
443,443,25,21,2,,#0A0A14
444,444,25,22,2,"10 '24",#0070C0
445,445,25,23,2,"11 '25",#FF6600
446,446,25,24,2,,#0A0A14
447,447,25,25,2,,#0A0A14
448,448,25,26,2,,#0A0A14
449,449,25,27,2,"10 '24",#0070C0
450,450,25,28,2,,#0A0A14
451,451,25,29,2,,#0A0A14
452,452,25,30,2,,#0A0A14
453,453,25,31,2,,#0A0A14
454,454,25,32,2,,#0A0A14
455,455,25,33,2,,#0A0A14
456,456,25,34,2,"12 '26",#7030A0
457,457,25,35,2,,#0A0A14
458,458,25,36,2,"08 '27",#FF0000
459,459,25,37,2,,#0A0A14
460,460,25,38,2,,#0A0A14
461,461,26,17,2,"08 '23",#00B050
462,462,26,18,2,"10 '23",#00B050
463,463,26,19,2,,#0A0A14
464,464,26,20,2,,#0A0A14
465,465,26,21,2,,#0A0A14
466,466,26,22,2,,#0A0A14
467,467,26,23,2,,#0A0A14
468,468,26,24,2,,#0A0A14
469,469,26,25,2,,#0A0A14
470,470,26,26,2,,#0A0A14
471,471,26,27,2,,#0A0A14
472,472,26,28,2,,#0A0A14
473,473,26,29,2,,#0A0A14
474,474,26,30,2,,#0A0A14
475,475,26,31,2,,#0A0A14
476,476,26,32,2,,#0A0A14
477,477,26,33,2,,#0A0A14
478,478,26,34,2,,#0A0A14
479,479,26,35,2,,#0A0A14
480,480,26,36,2,,#0A0A14
481,481,26,37,2,,#0A0A14
482,482,26,38,2,,#0A0A14
483,483,27,17,2,"09 '23",#00B050
484,484,27,18,2,"11 '23",#00B050
485,485,27,19,2,,#0A0A14
486,486,27,20,2,,#0A0A14
487,487,27,21,2,,#0A0A14
488,488,27,22,2,,#0A0A14
489,489,27,23,2,,#0A0A14
490,490,27,24,2,,#0A0A14
491,491,27,25,2,,#0A0A14
492,492,27,26,2,,#0A0A14
493,493,27,27,2,,#0A0A14
494,494,27,28,2,,#0A0A14
495,495,27,29,2,,#0A0A14
496,496,27,30,2,,#0A0A14
497,497,27,31,2,,#0A0A14
498,498,27,32,2,,#0A0A14
499,499,27,33,2,,#0A0A14
500,500,27,34,2,,#0A0A14
501,501,27,35,2,,#0A0A14
502,502,27,36,2,,#0A0A14
503,503,27,37,2,,#0A0A14
504,504,27,38,2,,#0A0A14
505,505,28,17,2,,#0A0A14
506,506,28,18,2,"03 '24",#0070C0
507,507,28,19,2,"05 '25",#FF6600
508,508,28,20,2,"05 '25",#FF6600
509,509,28,21,2,,#0A0A14
510,510,28,22,2,,#0A0A14
511,511,28,23,2,,#0A0A14
512,512,28,24,2,,#0A0A14
513,513,28,25,2,,#0A0A14
514,514,28,26,2,,#0A0A14
515,515,28,27,2,,#0A0A14
516,516,28,28,2,,#0A0A14
517,517,28,29,2,,#0A0A14
518,518,28,30,2,,#0A0A14
519,519,28,31,2,,#0A0A14
520,520,28,32,2,,#0A0A14
521,521,28,33,2,,#0A0A14
522,522,28,34,2,,#0A0A14
523,523,28,35,2,,#0A0A14
524,524,28,36,2,,#0A0A14
525,525,28,37,2,,#0A0A14
526,526,28,38,2,,#0A0A14
527,527,29,17,2,,#0A0A14
528,528,29,18,2,,#0A0A14
529,529,29,19,2,,#0A0A14
530,530,29,20,2,,#0A0A14
531,531,29,21,2,,#0A0A14
532,532,29,22,2,,#0A0A14
533,533,29,23,2,,#0A0A14
534,534,29,24,2,,#0A0A14
535,535,29,25,2,,#0A0A14
536,536,29,26,2,,#0A0A14
537,537,29,27,2,,#0A0A14
538,538,29,28,2,"07 '26",#7030A0
539,539,29,29,2,,#0A0A14
540,540,29,30,2,,#0A0A14
541,541,29,31,2,,#0A0A14
542,542,29,32,2,,#0A0A14
543,543,29,33,2,,#0A0A14
544,544,29,34,2,,#0A0A14
545,545,29,35,2,,#0A0A14
546,546,29,36,2,,#0A0A14
547,547,29,37,2,"09 '27",#FF0000
548,548,29,38,2,"10 '27",#FF0000
549,549,30,17,2,,#0A0A14
550,550,30,18,2,,#0A0A14
551,551,30,19,2,,#0A0A14
552,552,30,20,2,,#0A0A14
553,553,30,21,2,,#0A0A14
554,554,30,22,2,,#0A0A14
555,555,30,23,2,,#0A0A14
556,556,30,24,2,,#0A0A14
557,557,30,25,2,,#0A0A14
558,558,30,26,2,,#0A0A14
559,559,30,27,2,,#0A0A14
560,560,30,28,2,,#0A0A14
561,561,30,29,2,,#0A0A14
562,562,30,30,2,,#0A0A14
563,563,30,31,2,,#0A0A14
564,564,30,32,2,,#0A0A14
565,565,30,33,2,,#0A0A14
566,566,30,34,2,,#0A0A14
567,567,30,35,2,,#0A0A14
568,568,30,36,2,,#0A0A14
569,569,30,37,2,"11 '27",#FF0000
570,570,30,38,2,"12 '27",#FF0000
571,571,31,50,3,,#E8E8E8
572,572,31,39,3,VP,#00B050
573,573,31,40,3,,#E8E8E8
574,574,31,41,3,,#E8E8E8
575,575,31,42,3,,#E8E8E8
576,576,31,43,3,,#E8E8E8
577,577,31,44,3,,#E8E8E8
578,578,31,45,3,,#E8E8E8
579,579,31,46,3,,#E8E8E8
580,580,31,47,3,,#E8E8E8
581,581,31,48,3,,#E8E8E8
582,582,31,49,3,,#E8E8E8
583,583,32,50,3,,#E8E8E8
584,584,32,39,3,,#E8E8E8
585,585,32,40,3,,#E8E8E8
586,586,32,41,3,,#E8E8E8
587,587,32,42,3,,#E8E8E8
588,588,32,43,3,,#E8E8E8
589,589,32,44,3,,#E8E8E8
590,590,32,45,3,,#E8E8E8
591,591,32,46,3,,#E8E8E8
592,592,32,47,3,VL,#FF6600
593,593,32,48,3,,#E8E8E8
594,594,32,49,3,,#E8E8E8
595,595,33,50,3,,#E8E8E8
596,596,33,39,3,,#E8E8E8
597,597,33,40,3,,#E8E8E8
598,598,33,41,3,,#E8E8E8
599,599,33,42,3,,#E8E8E8
600,600,33,43,3,,#E8E8E8
601,601,33,44,3,,#E8E8E8
602,602,33,45,3,,#E8E8E8
603,603,33,46,3,,#E8E8E8
604,604,33,47,3,,#E8E8E8
605,605,33,48,3,VH,#0070C0
606,606,33,49,3,,#E8E8E8
607,607,34,50,3,,#E8E8E8
608,608,34,39,3,,#E8E8E8
609,609,34,40,3,,#E8E8E8
610,610,34,41,3,,#E8E8E8
611,611,34,42,3,,#E8E8E8
612,612,34,43,3,,#E8E8E8
613,613,34,44,3,,#E8E8E8
614,614,34,45,3,,#E8E8E8
615,615,34,46,3,,#E8E8E8
616,616,34,47,3,,#E8E8E8
617,617,34,48,3,,#E8E8E8
618,618,34,49,3,VH,#0070C0
619,619,35,50,3,VH,#0070C0
620,620,35,39,3,,#E8E8E8
621,621,35,40,3,,#E8E8E8
622,622,35,41,3,,#E8E8E8
623,623,35,42,3,,#E8E8E8
624,624,35,43,3,,#E8E8E8
625,625,35,44,3,,#E8E8E8
626,626,35,45,3,,#E8E8E8
627,627,35,46,3,,#E8E8E8
628,628,35,47,3,,#E8E8E8
629,629,35,48,3,,#E8E8E8
630,630,35,49,3,,#E8E8E8
631,631,36,50,3,,#E8E8E8
632,632,36,39,3,,#E8E8E8
633,633,36,40,3,,#E8E8E8
634,634,36,41,3,,#E8E8E8
635,635,36,42,3,,#E8E8E8
636,636,36,43,3,,#E8E8E8
637,637,36,44,3,,#E8E8E8
638,638,36,45,3,,#E8E8E8
639,639,36,46,3,,#E8E8E8
640,640,36,47,3,,#E8E8E8
641,641,36,48,3,,#E8E8E8
642,642,36,49,3,VL,#FF6600
643,643,37,50,3,VL,#FF6600
644,644,37,39,3,,#E8E8E8
645,645,37,40,3,,#E8E8E8
646,646,37,41,3,,#E8E8E8
647,647,37,42,3,,#E8E8E8
648,648,37,43,3,,#E8E8E8
649,649,37,44,3,,#E8E8E8
650,650,37,45,3,,#E8E8E8
651,651,37,46,3,,#E8E8E8
652,652,37,47,3,,#E8E8E8
653,653,37,48,3,,#E8E8E8
654,654,37,49,3,,#E8E8E8
655,655,38,50,3,VH,#0070C0
656,656,38,39,3,,#E8E8E8
657,657,38,40,3,,#E8E8E8
658,658,38,41,3,,#E8E8E8
659,659,38,42,3,,#E8E8E8
660,660,38,43,3,,#E8E8E8
661,661,38,44,3,,#E8E8E8
662,662,38,45,3,,#E8E8E8
663,663,38,46,3,,#E8E8E8
664,664,38,47,3,,#E8E8E8
665,665,38,48,3,,#E8E8E8
666,666,38,49,3,,#E8E8E8
667,667,39,50,3,VH,#0070C0
668,668,39,39,3,,#E8E8E8
669,669,39,40,3,,#E8E8E8
670,670,39,41,3,,#E8E8E8
671,671,39,42,3,,#E8E8E8
672,672,39,43,3,,#E8E8E8
673,673,39,44,3,,#E8E8E8
674,674,39,45,3,,#E8E8E8
675,675,39,46,3,,#E8E8E8
676,676,39,47,3,,#E8E8E8
677,677,39,48,3,,#E8E8E8
678,678,39,49,3,,#E8E8E8
679,679,40,50,3,VP,#00B050
680,680,40,39,3,,#E8E8E8
681,681,40,40,3,,#E8E8E8
682,682,40,41,3,,#E8E8E8
683,683,40,42,3,,#E8E8E8
684,684,40,43,3,,#E8E8E8
