"CELL_H_SEQ","CELL_SEQ","UPLOAD_SEQ","ROW_IDX","COL_TYPE","COL_SEQ","CELL_VALUE","BG_COLOR"
1,1,1,0,SPEC,1,RDIMM,
2,2,1,0,SPEC,2,"1A P-DIE",
3,3,1,0,SPEC,3,WC,
4,4,1,0,SPEC,4,"16GB",
5,5,1,0,SPEC,5,"2RX4",
6,6,1,0,SPEC,6,"5600",
7,7,1,0,CHIP,1,"10 '23",#00B050
8,8,1,0,CHIP,2,"12 '23",#00B050
9,9,1,0,CHIP,3,,#E8E8E8
10,10,1,0,CHIP,4,,#E8E8E8
11,11,1,0,CHIP,5,,#E8E8E8
12,12,1,0,CHIP,6,,#E8E8E8
13,13,1,0,CHIP,7,,#E8E8E8
14,14,1,0,CHIP,8,,#E8E8E8
15,15,1,0,CHIP,9,,#E8E8E8
16,16,1,0,CHIP,10,,#E8E8E8
17,17,1,0,CHIP,11,,#E8E8E8
18,18,1,0,CHIP,12,"11 '23",#00B050
19,19,1,0,CHIP,13,"01 '24",#0070C0
20,20,1,0,CHIP,14,,#E8E8E8
21,21,1,0,CHIP,15,,#E8E8E8
22,22,1,0,CHIP,16,,#E8E8E8
23,23,1,1,SPEC,1,RDIMM,
24,24,1,1,SPEC,2,"1A P-DIE",
25,25,1,1,SPEC,3,WC,
26,26,1,1,SPEC,4,"32GB",
27,27,1,1,SPEC,5,"2RX4",
28,28,1,1,SPEC,6,"5600",
29,29,1,1,CHIP,1,"10 '23",#00B050
30,30,1,1,CHIP,2,"12 '23",#00B050
31,31,1,1,CHIP,3,,#E8E8E8
32,32,1,1,CHIP,4,,#E8E8E8
33,33,1,1,CHIP,5,,#E8E8E8
34,34,1,1,CHIP,6,,#E8E8E8
35,35,1,1,CHIP,7,,#E8E8E8
36,36,1,1,CHIP,8,,#E8E8E8
37,37,1,1,CHIP,9,,#E8E8E8
38,38,1,1,CHIP,10,,#E8E8E8
39,39,1,1,CHIP,11,,#E8E8E8
40,40,1,1,CHIP,12,"11 '23",#00B050
41,41,1,1,CHIP,13,"01 '24",#0070C0
42,42,1,1,CHIP,14,,#E8E8E8
43,43,1,1,CHIP,15,,#E8E8E8
44,44,1,1,CHIP,16,,#E8E8E8
45,45,1,2,SPEC,1,RDIMM,
46,46,1,2,SPEC,2,"1B P-DIE",
47,47,1,2,SPEC,3,WC,
48,48,1,2,SPEC,4,"32GB",
49,49,1,2,SPEC,5,"1RX4",
50,50,1,2,SPEC,6,"6400",
51,51,1,2,CHIP,1,,#E8E8E8
52,52,1,2,CHIP,2,"02 '24",#0070C0
53,53,1,2,CHIP,3,"03 '25",#FF6600
54,54,1,2,CHIP,4,"03 '25",#FF6600
55,55,1,2,CHIP,5,,#E8E8E8
56,56,1,2,CHIP,6,,#E8E8E8
57,57,1,2,CHIP,7,,#E8E8E8
58,58,1,2,CHIP,8,,#E8E8E8
59,59,1,2,CHIP,9,,#E8E8E8
60,60,1,2,CHIP,10,,#E8E8E8
61,61,1,2,CHIP,11,,#E8E8E8
62,62,1,2,CHIP,12,,#E8E8E8
63,63,1,2,CHIP,13,"04 '24",#0070C0
64,64,1,2,CHIP,14,"04 '24",#0070C0
65,65,1,2,CHIP,15,,#E8E8E8
66,66,1,2,CHIP,16,,#E8E8E8
67,67,1,3,SPEC,1,RDIMM,
68,68,1,3,SPEC,2,"2A P-DIE",
69,69,1,3,SPEC,3,WC,
70,70,1,3,SPEC,4,"64GB",
71,71,1,3,SPEC,5,"2RX4",
72,72,1,3,SPEC,6,"6400",
73,73,1,3,CHIP,1,,#E8E8E8
74,74,1,3,CHIP,2,"06 '24",#0070C0
75,75,1,3,CHIP,3,"06 '25",#FF6600
76,76,1,3,CHIP,4,"06 '25",#FF6600
77,77,1,3,CHIP,5,"07 '25",#FF6600
78,78,1,3,CHIP,6,,#E8E8E8
79,79,1,3,CHIP,7,,#E8E8E8
80,80,1,3,CHIP,8,,#E8E8E8
81,81,1,3,CHIP,9,,#E8E8E8
82,82,1,3,CHIP,10,,#E8E8E8
83,83,1,3,CHIP,11,,#E8E8E8
84,84,1,3,CHIP,12,,#E8E8E8
85,85,1,3,CHIP,13,"07 '24",#0070C0
86,86,1,3,CHIP,14,"07 '24",#0070C0
87,87,1,3,CHIP,15,"07 '24",#0070C0
88,88,1,3,CHIP,16,,#E8E8E8
89,89,1,4,SPEC,1,RDIMM,
90,90,1,4,SPEC,2,"2A P-DIE",
91,91,1,4,SPEC,3,WC,
92,92,1,4,SPEC,4,"128GB",
93,93,1,4,SPEC,5,"2RX8",
94,94,1,4,SPEC,6,"6400",
95,95,1,4,CHIP,1,,#E8E8E8
96,96,1,4,CHIP,2,,#E8E8E8
97,97,1,4,CHIP,3,"08 '25",#FF6600
98,98,1,4,CHIP,4,"08 '25",#FF6600
99,99,1,4,CHIP,5,"08 '25",#FF6600
100,100,1,4,CHIP,6,,#E8E8E8
101,101,1,4,CHIP,7,,#E8E8E8
102,102,1,4,CHIP,8,,#E8E8E8
103,103,1,4,CHIP,9,,#E8E8E8
104,104,1,4,CHIP,10,,#E8E8E8
105,105,1,4,CHIP,11,,#E8E8E8
106,106,1,4,CHIP,12,,#E8E8E8
107,107,1,4,CHIP,13,,#E8E8E8
108,108,1,4,CHIP,14,"08 '24",#0070C0
109,109,1,4,CHIP,15,"08 '24",#0070C0
110,110,1,4,CHIP,16,,#E8E8E8
111,111,1,5,SPEC,1,RDIMM,
112,112,1,5,SPEC,2,"3A P-DIE",
113,113,1,5,SPEC,3,ES,
114,114,1,5,SPEC,4,"64GB",
115,115,1,5,SPEC,5,"1RX4",
116,116,1,5,SPEC,6,"7200",
117,117,1,5,CHIP,1,,#E8E8E8
118,118,1,5,CHIP,2,,#E8E8E8
119,119,1,5,CHIP,3,,#E8E8E8
120,120,1,5,CHIP,4,,#E8E8E8
121,121,1,5,CHIP,5,,#E8E8E8
122,122,1,5,CHIP,6,"09 '24",#0070C0
123,123,1,5,CHIP,7,"10 '25",#FF6600
124,124,1,5,CHIP,8,,#E8E8E8
125,125,1,5,CHIP,9,,#E8E8E8
126,126,1,5,CHIP,10,,#E8E8E8
127,127,1,5,CHIP,11,,#E8E8E8
128,128,1,5,CHIP,12,,#E8E8E8
129,129,1,5,CHIP,13,,#E8E8E8
130,130,1,5,CHIP,14,,#E8E8E8
131,131,1,5,CHIP,15,"09 '24",#0070C0
132,132,1,5,CHIP,16,,#E8E8E8
133,133,1,6,SPEC,1,RDIMM,
134,134,1,6,SPEC,2,"3B P-DIE",
135,135,1,6,SPEC,3,ES,
136,136,1,6,SPEC,4,"128GB",
137,137,1,6,SPEC,5,"2RX4",
138,138,1,6,SPEC,6,"7200",
139,139,1,6,CHIP,1,,#E8E8E8
140,140,1,6,CHIP,2,,#E8E8E8
141,141,1,6,CHIP,3,,#E8E8E8
142,142,1,6,CHIP,4,,#E8E8E8
143,143,1,6,CHIP,5,,#E8E8E8
144,144,1,6,CHIP,6,"11 '24",#0070C0
145,145,1,6,CHIP,7,"12 '25",#FF6600
146,146,1,6,CHIP,8,,#E8E8E8
147,147,1,6,CHIP,9,,#E8E8E8
148,148,1,6,CHIP,10,,#E8E8E8
149,149,1,6,CHIP,11,,#E8E8E8
150,150,1,6,CHIP,12,,#E8E8E8
151,151,1,6,CHIP,13,,#E8E8E8
152,152,1,6,CHIP,14,,#E8E8E8
153,153,1,6,CHIP,15,"11 '24",#0070C0
154,154,1,6,CHIP,16,,#E8E8E8
155,155,1,7,SPEC,1,LRDIMM,
156,156,1,7,SPEC,2,"1A P-DIE",
157,157,1,7,SPEC,3,WC,
158,158,1,7,SPEC,4,"32GB",
159,159,1,7,SPEC,5,"2RX4",
160,160,1,7,SPEC,6,"5600",
161,161,1,7,CHIP,1,"12 '23",#00B050
162,162,1,7,CHIP,2,"01 '24",#0070C0
163,163,1,7,CHIP,3,,#E8E8E8
164,164,1,7,CHIP,4,,#E8E8E8
165,165,1,7,CHIP,5,,#E8E8E8
166,166,1,7,CHIP,6,,#E8E8E8
167,167,1,7,CHIP,7,,#E8E8E8
168,168,1,7,CHIP,8,,#E8E8E8
169,169,1,7,CHIP,9,,#E8E8E8
170,170,1,7,CHIP,10,,#E8E8E8
171,171,1,7,CHIP,11,,#E8E8E8
172,172,1,7,CHIP,12,"01 '24",#0070C0
173,173,1,7,CHIP,13,"02 '24",#0070C0
174,174,1,7,CHIP,14,,#E8E8E8
175,175,1,7,CHIP,15,,#E8E8E8
176,176,1,7,CHIP,16,,#E8E8E8
177,177,1,8,SPEC,1,LRDIMM,
178,178,1,8,SPEC,2,"2A P-DIE",
179,179,1,8,SPEC,3,WC,
180,180,1,8,SPEC,4,"128GB",
181,181,1,8,SPEC,5,"4RX4",
182,182,1,8,SPEC,6,"6400",
183,183,1,8,CHIP,1,,#E8E8E8
184,184,1,8,CHIP,2,"05 '24",#0070C0
185,185,1,8,CHIP,3,"07 '25",#FF6600
186,186,1,8,CHIP,4,"07 '25",#FF6600
187,187,1,8,CHIP,5,,#E8E8E8
188,188,1,8,CHIP,6,,#E8E8E8
189,189,1,8,CHIP,7,,#E8E8E8
190,190,1,8,CHIP,8,,#E8E8E8
191,191,1,8,CHIP,9,,#E8E8E8
192,192,1,8,CHIP,10,,#E8E8E8
193,193,1,8,CHIP,11,,#E8E8E8
194,194,1,8,CHIP,12,,#E8E8E8
195,195,1,8,CHIP,13,"06 '24",#0070C0
196,196,1,8,CHIP,14,"06 '24",#0070C0
197,197,1,8,CHIP,15,,#E8E8E8
198,198,1,8,CHIP,16,,#E8E8E8
199,199,1,9,SPEC,1,LRDIMM,
200,200,1,9,SPEC,2,"3A P-DIE",
201,201,1,9,SPEC,3,ES,
202,202,1,9,SPEC,4,"256GB",
203,203,1,9,SPEC,5,"4RX4",
204,204,1,9,SPEC,6,"7200",
205,205,1,9,CHIP,1,,#E8E8E8
206,206,1,9,CHIP,2,,#E8E8E8
207,207,1,9,CHIP,3,,#E8E8E8
409,409,2,2,CHIP,33,,#0A0A14
410,410,2,2,CHIP,34,,#0A0A14
411,411,2,2,CHIP,35,,#0A0A14
412,412,2,2,CHIP,36,,#0A0A14
413,413,2,2,CHIP,37,,#0A0A14
414,414,2,2,CHIP,38,,#0A0A14
415,415,2,3,SPEC,7,RDIMM,
416,416,2,3,SPEC,8,"2A P-DIE",
417,417,2,3,SPEC,9,WC,
418,418,2,3,SPEC,10,"64GB",
419,419,2,3,SPEC,11,"2RX4",
420,420,2,3,SPEC,12,"6400",
421,421,2,3,CHIP,17,,#0A0A14
422,422,2,3,CHIP,18,"06 '24",#0070C0
423,423,2,3,CHIP,19,"06 '25",#FF6600
424,424,2,3,CHIP,20,"06 '25",#FF6600
425,425,2,3,CHIP,21,"07 '25",#FF6600
426,426,2,3,CHIP,22,,#0A0A14
427,427,2,3,CHIP,23,,#0A0A14
428,428,2,3,CHIP,24,,#0A0A14
429,429,2,3,CHIP,25,"07 '24",#0070C0
430,430,2,3,CHIP,26,"07 '24",#0070C0
431,431,2,3,CHIP,27,"07 '24",#0070C0
432,432,2,3,CHIP,28,,#0A0A14
433,433,2,3,CHIP,29,,#0A0A14
434,434,2,3,CHIP,30,,#0A0A14
435,435,2,3,CHIP,31,,#0A0A14
436,436,2,3,CHIP,32,"07 '24",#0070C0
437,437,2,3,CHIP,33,"09 '26",#7030A0
438,438,2,3,CHIP,34,,#0A0A14
439,439,2,3,CHIP,35,,#0A0A14
440,440,2,3,CHIP,36,,#0A0A14
441,441,2,3,CHIP,37,,#0A0A14
442,442,2,3,CHIP,38,,#0A0A14
443,443,2,4,SPEC,7,RDIMM,
444,444,2,4,SPEC,8,"2A P-DIE",
445,445,2,4,SPEC,9,WC,
446,446,2,4,SPEC,10,"128GB",
447,447,2,4,SPEC,11,"2RX8",
448,448,2,4,SPEC,12,"6400",
449,449,2,4,CHIP,17,,#0A0A14
450,450,2,4,CHIP,18,,#0A0A14
451,451,2,4,CHIP,19,"08 '25",#FF6600
452,452,2,4,CHIP,20,"08 '25",#FF6600
453,453,2,4,CHIP,21,"08 '25",#FF6600
454,454,2,4,CHIP,22,,#0A0A14
455,455,2,4,CHIP,23,,#0A0A14
456,456,2,4,CHIP,24,,#0A0A14
457,457,2,4,CHIP,25,,#0A0A14
458,458,2,4,CHIP,26,"08 '24",#0070C0
459,459,2,4,CHIP,27,"08 '24",#0070C0
460,460,2,4,CHIP,28,,#0A0A14
461,461,2,4,CHIP,29,,#0A0A14
462,462,2,4,CHIP,30,,#0A0A14
463,463,2,4,CHIP,31,,#0A0A14
464,464,2,4,CHIP,32,"08 '24",#0070C0
465,465,2,4,CHIP,33,,#0A0A14
466,466,2,4,CHIP,34,,#0A0A14
467,467,2,4,CHIP,35,"07 '27",#FF0000
468,468,2,4,CHIP,36,,#0A0A14
469,469,2,4,CHIP,37,,#0A0A14
470,470,2,4,CHIP,38,,#0A0A14
471,471,2,5,SPEC,7,RDIMM,
472,472,2,5,SPEC,8,"3A P-DIE",
473,473,2,5,SPEC,9,ES,
474,474,2,5,SPEC,10,"64GB",
475,475,2,5,SPEC,11,"1RX4",
476,476,2,5,SPEC,12,"7200",
477,477,2,5,CHIP,17,,#0A0A14
478,478,2,5,CHIP,18,,#0A0A14
479,479,2,5,CHIP,19,,#0A0A14
480,480,2,5,CHIP,20,,#0A0A14
481,481,2,5,CHIP,21,,#0A0A14
482,482,2,5,CHIP,22,"09 '24",#0070C0
483,483,2,5,CHIP,23,"10 '25",#FF6600
484,484,2,5,CHIP,24,,#0A0A14
485,485,2,5,CHIP,25,,#0A0A14
486,486,2,5,CHIP,26,,#0A0A14
487,487,2,5,CHIP,27,"09 '24",#0070C0
488,488,2,5,CHIP,28,,#0A0A14
489,489,2,5,CHIP,29,,#0A0A14
490,490,2,5,CHIP,30,,#0A0A14
491,491,2,5,CHIP,31,,#0A0A14
492,492,2,5,CHIP,32,,#0A0A14
493,493,2,5,CHIP,33,,#0A0A14
494,494,2,5,CHIP,34,"10 '26",#7030A0
495,495,2,5,CHIP,35,,#0A0A14
496,496,2,5,CHIP,36,,#0A0A14
497,497,2,5,CHIP,37,,#0A0A14
498,498,2,5,CHIP,38,,#0A0A14
499,499,2,6,SPEC,7,RDIMM,
500,500,2,6,SPEC,8,"3B P-DIE",
501,501,2,6,SPEC,9,ES,
502,502,2,6,SPEC,10,"128GB",
503,503,2,6,SPEC,11,"2RX4",
504,504,2,6,SPEC,12,"7200",
505,505,2,6,CHIP,17,,#0A0A14
506,506,2,6,CHIP,18,,#0A0A14
507,507,2,6,CHIP,19,,#0A0A14
508,508,2,6,CHIP,20,,#0A0A14
509,509,2,6,CHIP,21,,#0A0A14
510,510,2,6,CHIP,22,"11 '24",#0070C0
511,511,2,6,CHIP,23,"12 '25",#FF6600
512,512,2,6,CHIP,24,,#0A0A14
513,513,2,6,CHIP,25,,#0A0A14
514,514,2,6,CHIP,26,,#0A0A14
515,515,2,6,CHIP,27,"11 '24",#0070C0
516,516,2,6,CHIP,28,,#0A0A14
517,517,2,6,CHIP,29,,#0A0A14
518,518,2,6,CHIP,30,,#0A0A14
519,519,2,6,CHIP,31,,#0A0A14
520,520,2,6,CHIP,32,,#0A0A14
521,521,2,6,CHIP,33,,#0A0A14
522,522,2,6,CHIP,34,"11 '26",#7030A0
523,523,2,6,CHIP,35,,#0A0A14
524,524,2,6,CHIP,36,,#0A0A14
525,525,2,6,CHIP,37,,#0A0A14
526,526,2,6,CHIP,38,,#0A0A14
527,527,2,7,SPEC,7,LRDIMM,
528,528,2,7,SPEC,8,"1A P-DIE",
529,529,2,7,SPEC,9,WC,
530,530,2,7,SPEC,10,"32GB",
531,531,2,7,SPEC,11,"2RX4",
532,532,2,7,SPEC,12,"5600",
533,533,2,7,CHIP,17,"12 '23",#00B050
534,534,2,7,CHIP,18,"01 '24",#0070C0
535,535,2,7,CHIP,19,,#0A0A14
536,536,2,7,CHIP,20,,#0A0A14
537,537,2,7,CHIP,21,,#0A0A14
538,538,2,7,CHIP,22,,#0A0A14
539,539,2,7,CHIP,23,,#0A0A14
540,540,2,7,CHIP,24,"01 '24",#0070C0
541,541,2,7,CHIP,25,"02 '24",#0070C0
542,542,2,7,CHIP,26,,#0A0A14
543,543,2,7,CHIP,27,,#0A0A14
544,544,2,7,CHIP,28,,#0A0A14
545,545,2,7,CHIP,29,,#0A0A14
546,546,2,7,CHIP,30,"04 '24",#0070C0
547,547,2,7,CHIP,31,"05 '24",#0070C0
548,548,2,7,CHIP,32,,#0A0A14
549,549,2,7,CHIP,33,,#0A0A14
550,550,2,7,CHIP,34,,#0A0A14
551,551,2,7,CHIP,35,,#0A0A14
552,552,2,7,CHIP,36,,#0A0A14
553,553,2,7,CHIP,37,,#0A0A14
554,554,2,7,CHIP,38,,#0A0A14
555,555,2,8,SPEC,7,LRDIMM,
556,556,2,8,SPEC,8,"2A P-DIE",
557,557,2,8,SPEC,9,WC,
558,558,2,8,SPEC,10,"128GB",
559,559,2,8,SPEC,11,"4RX4",
560,560,2,8,SPEC,12,"6400",
561,561,2,8,CHIP,17,,#0A0A14
562,562,2,8,CHIP,18,"05 '24",#0070C0
563,563,2,8,CHIP,19,"07 '25",#FF6600
564,564,2,8,CHIP,20,"07 '25",#FF6600
565,565,2,8,CHIP,21,,#0A0A14
566,566,2,8,CHIP,22,,#0A0A14
567,567,2,8,CHIP,23,,#0A0A14
568,568,2,8,CHIP,24,,#0A0A14
569,569,2,8,CHIP,25,"06 '24",#0070C0
570,570,2,8,CHIP,26,"06 '24",#0070C0
571,571,2,8,CHIP,27,,#0A0A14
572,572,2,8,CHIP,28,,#0A0A14
573,573,2,8,CHIP,29,,#0A0A14
574,574,2,8,CHIP,30,,#0A0A14
575,575,2,8,CHIP,31,,#0A0A14
576,576,2,8,CHIP,32,"09 '24",#0070C0
577,577,2,8,CHIP,33,,#0A0A14
578,578,2,8,CHIP,34,,#0A0A14
579,579,2,8,CHIP,35,,#0A0A14
580,580,2,8,CHIP,36,,#0A0A14
581,581,2,8,CHIP,37,,#0A0A14
582,582,2,8,CHIP,38,,#0A0A14
583,583,2,9,SPEC,7,LRDIMM,
584,584,2,9,SPEC,8,"3A P-DIE",
585,585,2,9,SPEC,9,ES,
586,586,2,9,SPEC,10,"256GB",
587,587,2,9,SPEC,11,"4RX4",
588,588,2,9,SPEC,12,"7200",
589,589,2,9,CHIP,17,,#0A0A14
590,590,2,9,CHIP,18,,#0A0A14
591,591,2,9,CHIP,19,,#0A0A14
592,592,2,9,CHIP,20,,#0A0A14
593,593,2,9,CHIP,21,,#0A0A14
594,594,2,9,CHIP,22,"10 '24",#0070C0
595,595,2,9,CHIP,23,"11 '25",#FF6600
596,596,2,9,CHIP,24,,#0A0A14
597,597,2,9,CHIP,25,,#0A0A14
598,598,2,9,CHIP,26,,#0A0A14
599,599,2,9,CHIP,27,"10 '24",#0070C0
600,600,2,9,CHIP,28,,#0A0A14
601,601,2,9,CHIP,29,,#0A0A14
602,602,2,9,CHIP,30,,#0A0A14
603,603,2,9,CHIP,31,,#0A0A14
604,604,2,9,CHIP,32,,#0A0A14
605,605,2,9,CHIP,33,,#0A0A14
606,606,2,9,CHIP,34,"12 '26",#7030A0
607,607,2,9,CHIP,35,,#0A0A14
608,608,2,9,CHIP,36,"08 '27",#FF0000
609,609,2,9,CHIP,37,,#0A0A14
610,610,2,9,CHIP,38,,#0A0A14
611,611,2,10,SPEC,7,SODIMM,
612,612,2,10,SPEC,8,"1A P-DIE",
613,613,2,10,SPEC,9,WC,
614,614,2,10,SPEC,10,"16GB",
615,615,2,10,SPEC,11,"1RX8",
616,616,2,10,SPEC,12,"5600",
617,617,2,10,CHIP,17,"08 '23",#00B050
618,618,2,10,CHIP,18,"10 '23",#00B050
619,619,2,10,CHIP,19,,#0A0A14
620,620,2,10,CHIP,20,,#0A0A14
621,621,2,10,CHIP,21,,#0A0A14
622,622,2,10,CHIP,22,,#0A0A14
623,623,2,10,CHIP,23,,#0A0A14
624,624,2,10,CHIP,24,,#0A0A14
625,625,2,10,CHIP,25,,#0A0A14
626,626,2,10,CHIP,26,,#0A0A14
627,627,2,10,CHIP,27,,#0A0A14
628,628,2,10,CHIP,28,,#0A0A14
629,629,2,10,CHIP,29,,#0A0A14
630,630,2,10,CHIP,30,,#0A0A14
631,631,2,10,CHIP,31,,#0A0A14
632,632,2,10,CHIP,32,,#0A0A14
633,633,2,10,CHIP,33,,#0A0A14
634,634,2,10,CHIP,34,,#0A0A14
635,635,2,10,CHIP,35,,#0A0A14
636,636,2,10,CHIP,36,,#0A0A14
637,637,2,10,CHIP,37,,#0A0A14
638,638,2,10,CHIP,38,,#0A0A14
639,639,2,11,SPEC,7,SODIMM,
640,640,2,11,SPEC,8,"1B P-DIE",
641,641,2,11,SPEC,9,WC,
642,642,2,11,SPEC,10,"32GB",
643,643,2,11,SPEC,11,"2RX8",
644,644,2,11,SPEC,12,"5600",
645,645,2,11,CHIP,17,"09 '23",#00B050
646,646,2,11,CHIP,18,"11 '23",#00B050
647,647,2,11,CHIP,19,,#0A0A14
648,648,2,11,CHIP,20,,#0A0A14
649,649,2,11,CHIP,21,,#0A0A14
650,650,2,11,CHIP,22,,#0A0A14
651,651,2,11,CHIP,23,,#0A0A14
652,652,2,11,CHIP,24,,#0A0A14
653,653,2,11,CHIP,25,,#0A0A14
654,654,2,11,CHIP,26,,#0A0A14
655,655,2,11,CHIP,27,,#0A0A14
656,656,2,11,CHIP,28,,#0A0A14
657,657,2,11,CHIP,29,,#0A0A14
658,658,2,11,CHIP,30,,#0A0A14
659,659,2,11,CHIP,31,,#0A0A14
660,660,2,11,CHIP,32,,#0A0A14
661,661,2,11,CHIP,33,,#0A0A14
662,662,2,11,CHIP,34,,#0A0A14
663,663,2,11,CHIP,35,,#0A0A14
664,664,2,11,CHIP,36,,#0A0A14
665,665,2,11,CHIP,37,,#0A0A14
666,666,2,11,CHIP,38,,#0A0A14
667,667,2,12,SPEC,7,CUDIMM,
668,668,2,12,SPEC,8,"2A P-DIE",
669,669,2,12,SPEC,9,WC,
670,670,2,12,SPEC,10,"32GB",
671,671,2,12,SPEC,11,"1RX8",
672,672,2,12,SPEC,12,"6400",
673,673,2,12,CHIP,17,,#0A0A14
674,674,2,12,CHIP,18,"03 '24",#0070C0
675,675,2,12,CHIP,19,"05 '25",#FF6600
676,676,2,12,CHIP,20,"05 '25",#FF6600
677,677,2,12,CHIP,21,,#0A0A14
678,678,2,12,CHIP,22,,#0A0A14
679,679,2,12,CHIP,23,,#0A0A14
680,680,2,12,CHIP,24,,#0A0A14
681,681,2,12,CHIP,25,,#0A0A14
682,682,2,12,CHIP,26,,#0A0A14
683,683,2,12,CHIP,27,,#0A0A14
684,684,2,12,CHIP,28,,#0A0A14
685,685,2,12,CHIP,29,,#0A0A14
686,686,2,12,CHIP,30,,#0A0A14
687,687,2,12,CHIP,31,,#0A0A14
688,688,2,12,CHIP,32,,#0A0A14
689,689,2,12,CHIP,33,,#0A0A14
690,690,2,12,CHIP,34,,#0A0A14
691,691,2,12,CHIP,35,,#0A0A14
692,692,2,12,CHIP,36,,#0A0A14
693,693,2,12,CHIP,37,,#0A0A14
694,694,2,12,CHIP,38,,#0A0A14
695,695,2,13,SPEC,7,MRDIMM,
696,696,2,13,SPEC,8,"3A P-DIE",
697,697,2,13,SPEC,9,ES,
698,698,2,13,SPEC,10,"128GB",
699,699,2,13,SPEC,11,"2RX4",
700,700,2,13,SPEC,12,"8000",
701,701,2,13,CHIP,17,,#0A0A14
702,702,2,13,CHIP,18,,#0A0A14
703,703,2,13,CHIP,19,,#0A0A14
704,704,2,13,CHIP,20,,#0A0A14
705,705,2,13,CHIP,21,,#0A0A14
706,706,2,13,CHIP,22,,#0A0A14
707,707,2,13,CHIP,23,,#0A0A14
708,708,2,13,CHIP,24,,#0A0A14
709,709,2,13,CHIP,25,,#0A0A14
710,710,2,13,CHIP,26,,#0A0A14
711,711,2,13,CHIP,27,,#0A0A14
712,712,2,13,CHIP,28,"07 '26",#7030A0
713,713,2,13,CHIP,29,,#0A0A14
714,714,2,13,CHIP,30,,#0A0A14
715,715,2,13,CHIP,31,,#0A0A14
716,716,2,13,CHIP,32,,#0A0A14
717,717,2,13,CHIP,33,,#0A0A14
718,718,2,13,CHIP,34,,#0A0A14
719,719,2,13,CHIP,35,,#0A0A14
720,720,2,13,CHIP,36,,#0A0A14
721,721,2,13,CHIP,37,"09 '27",#FF0000
722,722,2,13,CHIP,38,"10 '27",#FF0000
723,723,2,14,SPEC,7,MRDIMM,
724,724,2,14,SPEC,8,"4A P-DIE",
725,725,2,14,SPEC,9,ES,
726,726,2,14,SPEC,10,"256GB",
727,727,2,14,SPEC,11,"4RX4",
728,728,2,14,SPEC,12,"8800",
729,729,2,14,CHIP,17,,#0A0A14
730,730,2,14,CHIP,18,,#0A0A14
731,731,2,14,CHIP,19,,#0A0A14
732,732,2,14,CHIP,20,,#0A0A14
733,733,2,14,CHIP,21,,#0A0A14
734,734,2,14,CHIP,22,,#0A0A14
735,735,2,14,CHIP,23,,#0A0A14
736,736,2,14,CHIP,24,,#0A0A14
737,737,2,14,CHIP,25,,#0A0A14
738,738,2,14,CHIP,26,,#0A0A14
739,739,2,14,CHIP,27,,#0A0A14
740,740,2,14,CHIP,28,,#0A0A14
741,741,2,14,CHIP,29,,#0A0A14
742,742,2,14,CHIP,30,,#0A0A14
743,743,2,14,CHIP,31,,#0A0A14
744,744,2,14,CHIP,32,,#0A0A14
745,745,2,14,CHIP,33,,#0A0A14
746,746,2,14,CHIP,34,,#0A0A14
747,747,2,14,CHIP,35,,#0A0A14
748,748,2,14,CHIP,36,,#0A0A14
749,749,2,14,CHIP,37,"11 '27",#FF0000
750,750,2,14,CHIP,38,"12 '27",#FF0000
751,751,3,0,SPEC,13,"LP6
1295b 14x14
1070Mbps",
752,752,3,0,SPEC,14,"16GB",
753,753,3,0,SPEC,15,"1bnm 16Gb",
754,754,3,0,SPEC,16,PDBEREAGY0B1,
755,755,3,0,SPEC,17,VP,
756,756,3,0,CHIP,50,,#E8E8E8
757,757,3,0,CHIP,39,VP,#00B050
758,758,3,0,CHIP,40,,#E8E8E8
759,759,3,0,CHIP,41,,#E8E8E8
760,760,3,0,CHIP,42,,#E8E8E8
761,761,3,0,CHIP,43,,#E8E8E8
762,762,3,0,CHIP,44,,#E8E8E8
763,763,3,0,CHIP,45,,#E8E8E8
764,764,3,0,CHIP,46,,#E8E8E8
765,765,3,0,CHIP,47,,#E8E8E8
766,766,3,0,CHIP,48,,#E8E8E8
767,767,3,0,CHIP,49,,#E8E8E8
768,768,3,1,SPEC,13,"LP5X,496b
14x12.4
10700Mbps",
769,769,3,1,SPEC,14,"12GB",
770,770,3,1,SPEC,15,"1bnm 12Gb",
771,771,3,1,SPEC,16,K3KL4L40FA-BGCY,
772,772,3,1,SPEC,17,VL,
773,773,3,1,CHIP,50,,#E8E8E8
774,774,3,1,CHIP,39,,#E8E8E8
775,775,3,1,CHIP,40,,#E8E8E8
776,776,3,1,CHIP,41,,#E8E8E8
777,777,3,1,CHIP,42,,#E8E8E8
778,778,3,1,CHIP,43,,#E8E8E8
779,779,3,1,CHIP,44,,#E8E8E8
780,780,3,1,CHIP,45,,#E8E8E8
781,781,3,1,CHIP,46,,#E8E8E8
782,782,3,1,CHIP,47,VL,#FF6600
783,783,3,1,CHIP,48,,#E8E8E8
784,784,3,1,CHIP,49,,#E8E8E8
785,785,3,2,SPEC,13,,
786,786,3,2,SPEC,14,"16GB",
787,787,3,2,SPEC,15,"1bnm 16Gb",
788,788,3,2,SPEC,16,K3KL5L50EB-BGCY,
789,789,3,2,SPEC,17,VH,
790,790,3,2,CHIP,50,,#E8E8E8
791,791,3,2,CHIP,39,,#E8E8E8
792,792,3,2,CHIP,40,,#E8E8E8
793,793,3,2,CHIP,41,,#E8E8E8
794,794,3,2,CHIP,42,,#E8E8E8
795,795,3,2,CHIP,43,,#E8E8E8
796,796,3,2,CHIP,44,,#E8E8E8
797,797,3,2,CHIP,45,,#E8E8E8
798,798,3,2,CHIP,46,,#E8E8E8
799,799,3,2,CHIP,47,,#E8E8E8
800,800,3,2,CHIP,48,VH,#0070C0
801,801,3,2,CHIP,49,,#E8E8E8
802,802,3,3,SPEC,13,,
803,803,3,3,SPEC,14,"24GB",
804,804,3,3,SPEC,15,"1bnm 16Gb",
805,805,3,3,SPEC,16,K3KLELE0EA-BGCY,
806,806,3,3,SPEC,17,VH,
807,807,3,3,CHIP,50,,#E8E8E8
808,808,3,3,CHIP,39,,#E8E8E8
809,809,3,3,CHIP,40,,#E8E8E8
810,810,3,3,CHIP,41,,#E8E8E8
811,811,3,3,CHIP,42,,#E8E8E8
812,812,3,3,CHIP,43,,#E8E8E8
813,813,3,3,CHIP,44,,#E8E8E8
814,814,3,3,CHIP,45,,#E8E8E8
815,815,3,3,CHIP,46,,#E8E8E8
816,816,3,3,CHIP,47,,#E8E8E8
817,817,3,3,CHIP,48,,#E8E8E8
818,818,3,3,CHIP,49,VH,#0070C0
819,819,3,4,SPEC,13,"LP7
272b 14x12
9600Mbps",
820,820,3,4,SPEC,14,"12GB",
821,821,3,4,SPEC,15,"1bnm 12Gb",
822,822,3,4,SPEC,16,K3KL3L30FM-BGCR,
823,823,3,4,SPEC,17,VH,
824,824,3,4,CHIP,50,VH,#0070C0
825,825,3,4,CHIP,39,,#E8E8E8
826,826,3,4,CHIP,40,,#E8E8E8
827,827,3,4,CHIP,41,,#E8E8E8
828,828,3,4,CHIP,42,,#E8E8E8
829,829,3,4,CHIP,43,,#E8E8E8
830,830,3,4,CHIP,44,,#E8E8E8
831,831,3,4,CHIP,45,,#E8E8E8
832,832,3,4,CHIP,46,,#E8E8E8
833,833,3,4,CHIP,47,,#E8E8E8
834,834,3,4,CHIP,48,,#E8E8E8
835,835,3,4,CHIP,49,,#E8E8E8
836,836,3,5,SPEC,13,"LP8X,496b
14x12.4
12800Mbps",
837,837,3,5,SPEC,14,"8GB",
838,838,3,5,SPEC,15,"1bnm 8Gb",
839,839,3,5,SPEC,16,K3KK3K30CM-BGCR,
840,840,3,5,SPEC,17,VL,
841,841,3,5,CHIP,50,,#E8E8E8
842,842,3,5,CHIP,39,,#E8E8E8
843,843,3,5,CHIP,40,,#E8E8E8
844,844,3,5,CHIP,41,,#E8E8E8
845,845,3,5,CHIP,42,,#E8E8E8
846,846,3,5,CHIP,43,,#E8E8E8
847,847,3,5,CHIP,44,,#E8E8E8
848,848,3,5,CHIP,45,,#E8E8E8
849,849,3,5,CHIP,46,,#E8E8E8
850,850,3,5,CHIP,47,,#E8E8E8
851,851,3,5,CHIP,48,,#E8E8E8
852,852,3,5,CHIP,49,VL,#FF6600
853,853,3,6,SPEC,13,,
854,854,3,6,SPEC,14,"12GB",
855,855,3,6,SPEC,15,"1bnm 12Gb",
856,856,3,6,SPEC,16,K3KL3L30GM-BGCR,
857,857,3,6,SPEC,17,VL,
858,858,3,6,CHIP,50,VL,#FF6600
859,859,3,6,CHIP,39,,#E8E8E8
860,860,3,6,CHIP,40,,#E8E8E8
861,861,3,6,CHIP,41,,#E8E8E8
862,862,3,6,CHIP,42,,#E8E8E8
863,863,3,6,CHIP,43,,#E8E8E8
864,864,3,6,CHIP,44,,#E8E8E8
865,865,3,6,CHIP,45,,#E8E8E8
866,866,3,6,CHIP,46,,#E8E8E8
867,867,3,6,CHIP,47,,#E8E8E8
868,868,3,6,CHIP,48,,#E8E8E8
869,869,3,6,CHIP,49,,#E8E8E8
870,870,3,7,SPEC,13,,
871,871,3,7,SPEC,14,"16GB",
872,872,3,7,SPEC,15,"1bnm 16Gb",
873,873,3,7,SPEC,16,K3KL5L50FM-BGCR,
874,874,3,7,SPEC,17,VH,
875,875,3,7,CHIP,50,VH,#0070C0
876,876,3,7,CHIP,39,,#E8E8E8
877,877,3,7,CHIP,40,,#E8E8E8
878,878,3,7,CHIP,41,,#E8E8E8
879,879,3,7,CHIP,42,,#E8E8E8
880,880,3,7,CHIP,43,,#E8E8E8
881,881,3,7,CHIP,44,,#E8E8E8
882,882,3,7,CHIP,45,,#E8E8E8
883,883,3,7,CHIP,46,,#E8E8E8
884,884,3,7,CHIP,47,,#E8E8E8
885,885,3,7,CHIP,48,,#E8E8E8
886,886,3,7,CHIP,49,,#E8E8E8
887,887,3,8,SPEC,13,,
888,888,3,8,SPEC,14,"24GB",
889,889,3,8,SPEC,15,"1bnm 16Gb",
890,890,3,8,SPEC,16,K3KLELE0FB-BGCR,
891,891,3,8,SPEC,17,VH,
892,892,3,8,CHIP,50,VH,#0070C0
893,893,3,8,CHIP,39,,#E8E8E8
894,894,3,8,CHIP,40,,#E8E8E8
895,895,3,8,CHIP,41,,#E8E8E8
896,896,3,8,CHIP,42,,#E8E8E8
897,897,3,8,CHIP,43,,#E8E8E8
898,898,3,8,CHIP,44,,#E8E8E8
899,899,3,8,CHIP,45,,#E8E8E8
900,900,3,8,CHIP,46,,#E8E8E8
901,901,3,8,CHIP,47,,#E8E8E8
902,902,3,8,CHIP,48,,#E8E8E8
903,903,3,8,CHIP,49,,#E8E8E8
904,904,3,9,SPEC,13,,
905,905,3,9,SPEC,14,"32GB",
906,906,3,9,SPEC,15,"1anm 16Gb",
907,907,3,9,SPEC,16,K3LN8N80AM-BGCR,
908,908,3,9,SPEC,17,VP,
909,909,3,9,CHIP,50,VP,#00B050
910,910,3,9,CHIP,39,,#E8E8E8
911,911,3,9,CHIP,40,,#E8E8E8
912,912,3,9,CHIP,41,,#E8E8E8
913,913,3,9,CHIP,42,,#E8E8E8
914,914,3,9,CHIP,43,,#E8E8E8
915,915,3,9,CHIP,44,,#E8E8E8
916,916,3,9,CHIP,45,,#E8E8E8
917,917,3,9,CHIP,46,,#E8E8E8
918,918,3,9,CHIP,47,,#E8E8E8
919,919,3,9,CHIP,48,,#E8E8E8
920,920,3,9,CHIP,49,,#E8E8E8
921,921,4,0,RAWDATA,1,Qualcomm,
922,922,4,0,RAWDATA,2,Premium,
923,923,4,0,RAWDATA,3,SM8750,
924,924,4,0,RAWDATA,4,Snapdragon 8 Elite,
925,925,4,0,RAWDATA,5,K3KL5L50EB-BGCY,
926,926,4,0,RAWDATA,6,"1bnm",
927,927,4,0,RAWDATA,7,UFS 4.0,
928,928,4,0,RAWDATA,8,"16GB",
929,929,4,0,RAWDATA,9,TLC,
930,930,4,0,RAWDATA,10,LP5X 496b,
931,931,4,0,RAWDATA,11,"25/01/10",
932,932,4,0,RAWDATA,12,JH,
933,933,4,0,RAWDATA,13,Pass,
934,934,4,0,RAWDATA,14,,
935,935,4,0,RAWDATA,15,"25/01/20",
936,936,4,0,RAWDATA,16,KR,
937,937,4,0,RAWDATA,17,Pass,
938,938,4,0,RAWDATA,18,,
939,939,4,0,RAWDATA,19,,
940,940,4,0,RAWDATA,20,,
941,941,4,1,RAWDATA,1,Qualcomm,
942,942,4,1,RAWDATA,2,Premium,
943,943,4,1,RAWDATA,3,SM8650,
944,944,4,1,RAWDATA,4,Snapdragon 8 Gen3,
945,945,4,1,RAWDATA,5,K3KL4L40FA-BGCY,
946,946,4,1,RAWDATA,6,"1bnm",
947,947,4,1,RAWDATA,7,UFS 4.0,
948,948,4,1,RAWDATA,8,"12GB",
949,949,4,1,RAWDATA,9,TLC,
950,950,4,1,RAWDATA,10,LP5X 496b,
951,951,4,1,RAWDATA,11,"24/10/05",
952,952,4,1,RAWDATA,12,JH,
953,953,4,1,RAWDATA,13,Pass,
954,954,4,1,RAWDATA,14,,
955,955,4,1,RAWDATA,15,"24/10/15",
956,956,4,1,RAWDATA,16,KR,
957,957,4,1,RAWDATA,17,Pass,
958,958,4,1,RAWDATA,18,,
959,959,4,1,RAWDATA,19,"24/11/01",
960,960,4,1,RAWDATA,20,JH,
961,961,4,2,RAWDATA,1,Qualcomm,
962,962,4,2,RAWDATA,2,Premium,
963,963,4,2,RAWDATA,3,SM8550,
964,964,4,2,RAWDATA,4,Snapdragon 8 Gen2,
965,965,4,2,RAWDATA,5,K3KL3L30EM-BGCO,
966,966,4,2,RAWDATA,6,"1bnm",
967,967,4,2,RAWDATA,7,UFS 3.1,
968,968,4,2,RAWDATA,8,"12GB",
969,969,4,2,RAWDATA,9,TLC,
970,970,4,2,RAWDATA,10,LP5X 272b,
971,971,4,2,RAWDATA,11,"24/03/12",
972,972,4,2,RAWDATA,12,KR,
973,973,4,2,RAWDATA,13,Pass,
974,974,4,2,RAWDATA,14,,
975,975,4,2,RAWDATA,15,"24/03/22",
976,976,4,2,RAWDATA,16,JH,
977,977,4,2,RAWDATA,17,Pass,
978,978,4,2,RAWDATA,18,,
979,979,4,2,RAWDATA,19,,
980,980,4,2,RAWDATA,20,,
981,981,4,3,RAWDATA,1,Qualcomm,
982,982,4,3,RAWDATA,2,Advanced,
983,983,4,3,RAWDATA,3,SM8475,
984,984,4,3,RAWDATA,4,Snapdragon 8+ Gen1,
985,985,4,3,RAWDATA,5,PDBEREAGY0B1,
986,986,4,3,RAWDATA,6,"1bnm",
987,987,4,3,RAWDATA,7,UFS 3.1,
988,988,4,3,RAWDATA,8,"16GB",
989,989,4,3,RAWDATA,9,TLC,
990,990,4,3,RAWDATA,10,LP6 1295b,
991,991,4,3,RAWDATA,11,"23/11/08",
992,992,4,3,RAWDATA,12,JH,
993,993,4,3,RAWDATA,13,Pass,
994,994,4,3,RAWDATA,14,,
995,995,4,3,RAWDATA,15,"23/11/18",
996,996,4,3,RAWDATA,16,KR,
997,997,4,3,RAWDATA,17,Pass,
998,998,4,3,RAWDATA,18,,
999,999,4,3,RAWDATA,19,,
1000,1000,4,3,RAWDATA,20,,
1001,1001,4,4,RAWDATA,1,Qualcomm,
1002,1002,4,4,RAWDATA,2,Advanced,
1003,1003,4,4,RAWDATA,3,SM8635,
1004,1004,4,4,RAWDATA,4,Snapdragon 7s Gen3,
1005,1005,4,4,RAWDATA,5,K3KL5L50EB-BGCY,
1006,1006,4,4,RAWDATA,6,"1bnm",
1007,1007,4,4,RAWDATA,7,UFS 4.0,
1008,1008,4,4,RAWDATA,8,"16GB",
208,208,1,9,CHIP,4,,#E8E8E8
209,209,1,9,CHIP,5,,#E8E8E8
210,210,1,9,CHIP,6,"10 '24",#0070C0
211,211,1,9,CHIP,7,"11 '25",#FF6600
212,212,1,9,CHIP,8,,#E8E8E8
213,213,1,9,CHIP,9,,#E8E8E8
214,214,1,9,CHIP,10,,#E8E8E8
215,215,1,9,CHIP,11,,#E8E8E8
216,216,1,9,CHIP,12,,#E8E8E8
217,217,1,9,CHIP,13,,#E8E8E8
218,218,1,9,CHIP,14,,#E8E8E8
219,219,1,9,CHIP,15,"10 '24",#0070C0
220,220,1,9,CHIP,16,,#E8E8E8
221,221,1,10,SPEC,1,SODIMM,
222,222,1,10,SPEC,2,"1A P-DIE",
223,223,1,10,SPEC,3,WC,
224,224,1,10,SPEC,4,"16GB",
225,225,1,10,SPEC,5,"1RX8",
226,226,1,10,SPEC,6,"5600",
227,227,1,10,CHIP,1,"08 '23",#00B050
228,228,1,10,CHIP,2,"10 '23",#00B050
229,229,1,10,CHIP,3,,#E8E8E8
230,230,1,10,CHIP,4,,#E8E8E8
231,231,1,10,CHIP,5,,#E8E8E8
232,232,1,10,CHIP,6,,#E8E8E8
233,233,1,10,CHIP,7,,#E8E8E8
234,234,1,10,CHIP,8,,#E8E8E8
235,235,1,10,CHIP,9,,#E8E8E8
236,236,1,10,CHIP,10,,#E8E8E8
237,237,1,10,CHIP,11,,#E8E8E8
238,238,1,10,CHIP,12,,#E8E8E8
239,239,1,10,CHIP,13,,#E8E8E8
240,240,1,10,CHIP,14,,#E8E8E8
241,241,1,10,CHIP,15,,#E8E8E8
242,242,1,10,CHIP,16,,#E8E8E8
243,243,1,11,SPEC,1,SODIMM,
244,244,1,11,SPEC,2,"1B P-DIE",
245,245,1,11,SPEC,3,WC,
246,246,1,11,SPEC,4,"32GB",
247,247,1,11,SPEC,5,"2RX8",
248,248,1,11,SPEC,6,"5600",
249,249,1,11,CHIP,1,"09 '23",#00B050
250,250,1,11,CHIP,2,"11 '23",#00B050
251,251,1,11,CHIP,3,,#E8E8E8
252,252,1,11,CHIP,4,,#E8E8E8
253,253,1,11,CHIP,5,,#E8E8E8
254,254,1,11,CHIP,6,,#E8E8E8
255,255,1,11,CHIP,7,,#E8E8E8
256,256,1,11,CHIP,8,,#E8E8E8
257,257,1,11,CHIP,9,,#E8E8E8
258,258,1,11,CHIP,10,,#E8E8E8
259,259,1,11,CHIP,11,,#E8E8E8
260,260,1,11,CHIP,12,,#E8E8E8
261,261,1,11,CHIP,13,,#E8E8E8
262,262,1,11,CHIP,14,,#E8E8E8
263,263,1,11,CHIP,15,,#E8E8E8
264,264,1,11,CHIP,16,,#E8E8E8
265,265,1,12,SPEC,1,CUDIMM,
266,266,1,12,SPEC,2,"2A P-DIE",
267,267,1,12,SPEC,3,WC,
268,268,1,12,SPEC,4,"32GB",
269,269,1,12,SPEC,5,"1RX8",
270,270,1,12,SPEC,6,"6400",
271,271,1,12,CHIP,1,,#E8E8E8
272,272,1,12,CHIP,2,"03 '24",#0070C0
273,273,1,12,CHIP,3,"05 '25",#FF6600
274,274,1,12,CHIP,4,"05 '25",#FF6600
275,275,1,12,CHIP,5,,#E8E8E8
276,276,1,12,CHIP,6,,#E8E8E8
277,277,1,12,CHIP,7,,#E8E8E8
278,278,1,12,CHIP,8,,#E8E8E8
279,279,1,12,CHIP,9,,#E8E8E8
280,280,1,12,CHIP,10,,#E8E8E8
281,281,1,12,CHIP,11,,#E8E8E8
282,282,1,12,CHIP,12,,#E8E8E8
283,283,1,12,CHIP,13,,#E8E8E8
284,284,1,12,CHIP,14,,#E8E8E8
285,285,1,12,CHIP,15,,#E8E8E8
286,286,1,12,CHIP,16,,#E8E8E8
287,287,1,13,SPEC,1,MRDIMM,
288,288,1,13,SPEC,2,"3A P-DIE",
289,289,1,13,SPEC,3,ES,
290,290,1,13,SPEC,4,"128GB",
291,291,1,13,SPEC,5,"2RX4",
292,292,1,13,SPEC,6,"8000",
293,293,1,13,CHIP,1,,#E8E8E8
294,294,1,13,CHIP,2,,#E8E8E8
295,295,1,13,CHIP,3,,#E8E8E8
296,296,1,13,CHIP,4,,#E8E8E8
297,297,1,13,CHIP,5,,#E8E8E8
298,298,1,13,CHIP,6,,#E8E8E8
299,299,1,13,CHIP,7,,#E8E8E8
300,300,1,13,CHIP,8,"07 '26",#7030A0
301,301,1,13,CHIP,9,"08 '26",#7030A0
302,302,1,13,CHIP,10,,#E8E8E8
303,303,1,13,CHIP,11,,#E8E8E8
304,304,1,13,CHIP,12,,#E8E8E8
305,305,1,13,CHIP,13,,#E8E8E8
306,306,1,13,CHIP,14,,#E8E8E8
307,307,1,13,CHIP,15,,#E8E8E8
308,308,1,13,CHIP,16,"07 '26",#7030A0
309,309,1,14,SPEC,1,MRDIMM,
310,310,1,14,SPEC,2,"4A P-DIE",
311,311,1,14,SPEC,3,ES,
312,312,1,14,SPEC,4,"256GB",
313,313,1,14,SPEC,5,"4RX4",
314,314,1,14,SPEC,6,"8800",
315,315,1,14,CHIP,1,,#E8E8E8
316,316,1,14,CHIP,2,,#E8E8E8
317,317,1,14,CHIP,3,,#E8E8E8
318,318,1,14,CHIP,4,,#E8E8E8
319,319,1,14,CHIP,5,,#E8E8E8
320,320,1,14,CHIP,6,,#E8E8E8
321,321,1,14,CHIP,7,,#E8E8E8
322,322,1,14,CHIP,8,,#E8E8E8
323,323,1,14,CHIP,9,,#E8E8E8
324,324,1,14,CHIP,10,"10 '27",#FF0000
325,325,1,14,CHIP,11,"11 '27",#FF0000
326,326,1,14,CHIP,12,,#E8E8E8
327,327,1,14,CHIP,13,,#E8E8E8
328,328,1,14,CHIP,14,,#E8E8E8
329,329,1,14,CHIP,15,,#E8E8E8
330,330,1,14,CHIP,16,,#E8E8E8
331,331,2,0,SPEC,7,RDIMM,
332,332,2,0,SPEC,8,"1A P-DIE",
333,333,2,0,SPEC,9,WC,
334,334,2,0,SPEC,10,"16GB",
335,335,2,0,SPEC,11,"2RX4",
336,336,2,0,SPEC,12,"5600",
337,337,2,0,CHIP,17,"10 '23",#00B050
338,338,2,0,CHIP,18,"12 '23",#00B050
339,339,2,0,CHIP,19,,#0A0A14
340,340,2,0,CHIP,20,,#0A0A14
341,341,2,0,CHIP,21,,#0A0A14
342,342,2,0,CHIP,22,,#0A0A14
343,343,2,0,CHIP,23,,#0A0A14
344,344,2,0,CHIP,24,"11 '23",#00B050
345,345,2,0,CHIP,25,"01 '24",#0070C0
346,346,2,0,CHIP,26,,#0A0A14
347,347,2,0,CHIP,27,,#0A0A14
348,348,2,0,CHIP,28,,#0A0A14
349,349,2,0,CHIP,29,"03 '24",#0070C0
350,350,2,0,CHIP,30,,#0A0A14
351,351,2,0,CHIP,31,,#0A0A14
352,352,2,0,CHIP,32,,#0A0A14
353,353,2,0,CHIP,33,,#0A0A14
354,354,2,0,CHIP,34,,#0A0A14
355,355,2,0,CHIP,35,,#0A0A14
356,356,2,0,CHIP,36,,#0A0A14
357,357,2,0,CHIP,37,,#0A0A14
358,358,2,0,CHIP,38,,#0A0A14
359,359,2,1,SPEC,7,RDIMM,
360,360,2,1,SPEC,8,"1A P-DIE",
361,361,2,1,SPEC,9,WC,
362,362,2,1,SPEC,10,"32GB",
363,363,2,1,SPEC,11,"2RX4",
364,364,2,1,SPEC,12,"5600",
365,365,2,1,CHIP,17,"10 '23",#00B050
366,366,2,1,CHIP,18,"12 '23",#00B050
367,367,2,1,CHIP,19,,#0A0A14
368,368,2,1,CHIP,20,,#0A0A14
369,369,2,1,CHIP,21,,#0A0A14
370,370,2,1,CHIP,22,,#0A0A14
371,371,2,1,CHIP,23,,#0A0A14
372,372,2,1,CHIP,24,"11 '23",#00B050
373,373,2,1,CHIP,25,"01 '24",#0070C0
374,374,2,1,CHIP,26,,#0A0A14
375,375,2,1,CHIP,27,,#0A0A14
376,376,2,1,CHIP,28,,#0A0A14
377,377,2,1,CHIP,29,"03 '24",#0070C0
378,378,2,1,CHIP,30,,#0A0A14
379,379,2,1,CHIP,31,,#0A0A14
380,380,2,1,CHIP,32,,#0A0A14
381,381,2,1,CHIP,33,,#0A0A14
382,382,2,1,CHIP,34,,#0A0A14
383,383,2,1,CHIP,35,,#0A0A14
384,384,2,1,CHIP,36,,#0A0A14
385,385,2,1,CHIP,37,,#0A0A14
386,386,2,1,CHIP,38,,#0A0A14
387,387,2,2,SPEC,7,RDIMM,
388,388,2,2,SPEC,8,"1B P-DIE",
389,389,2,2,SPEC,9,WC,
390,390,2,2,SPEC,10,"32GB",
391,391,2,2,SPEC,11,"1RX4",
392,392,2,2,SPEC,12,"6400",
393,393,2,2,CHIP,17,,#0A0A14
394,394,2,2,CHIP,18,"02 '24",#0070C0
395,395,2,2,CHIP,19,"03 '25",#FF6600
396,396,2,2,CHIP,20,"03 '25",#FF6600
397,397,2,2,CHIP,21,,#0A0A14
398,398,2,2,CHIP,22,,#0A0A14
399,399,2,2,CHIP,23,,#0A0A14
400,400,2,2,CHIP,24,,#0A0A14
401,401,2,2,CHIP,25,"04 '24",#0070C0
402,402,2,2,CHIP,26,"04 '24",#0070C0
403,403,2,2,CHIP,27,,#0A0A14
404,404,2,2,CHIP,28,,#0A0A14
405,405,2,2,CHIP,29,,#0A0A14
406,406,2,2,CHIP,30,,#0A0A14
407,407,2,2,CHIP,31,,#0A0A14
408,408,2,2,CHIP,32,"05 '24",#0070C0
1009,1009,4,4,RAWDATA,9,TLC,
1010,1010,4,4,RAWDATA,10,LP5X 496b,
1011,1011,4,4,RAWDATA,11,"25/02/14",
1012,1012,4,4,RAWDATA,12,KR,
1013,1013,4,4,RAWDATA,13,In Progress,
1014,1014,4,4,RAWDATA,14,Timing margin,
1015,1015,4,4,RAWDATA,15,,
1016,1016,4,4,RAWDATA,16,,
1017,1017,4,4,RAWDATA,17,,
1018,1018,4,4,RAWDATA,18,,
1019,1019,4,4,RAWDATA,19,,
1020,1020,4,4,RAWDATA,20,,
1021,1021,4,5,RAWDATA,1,Qualcomm,
1022,1022,4,5,RAWDATA,2,Premium,
1023,1023,4,5,RAWDATA,3,SM8850,
1024,1024,4,5,RAWDATA,4,Snapdragon 8 Gen4,
1025,1025,4,5,RAWDATA,5,K3KLELE0EA-BGCY,
1026,1026,4,5,RAWDATA,6,"1bnm",
1027,1027,4,5,RAWDATA,7,UFS 4.0,
1028,1028,4,5,RAWDATA,8,"24GB",
1029,1029,4,5,RAWDATA,9,TLC,
1030,1030,4,5,RAWDATA,10,LP5X 496b,
1031,1031,4,5,RAWDATA,11,"25/03/05",
1032,1032,4,5,RAWDATA,12,JH,
1033,1033,4,5,RAWDATA,13,Pass,
1034,1034,4,5,RAWDATA,14,,
1035,1035,4,5,RAWDATA,15,"25/03/15",
1036,1036,4,5,RAWDATA,16,KR,
1037,1037,4,5,RAWDATA,17,Pass,
1038,1038,4,5,RAWDATA,18,,
1039,1039,4,5,RAWDATA,19,"25/04/01",
1040,1040,4,5,RAWDATA,20,JH,
1041,1041,4,6,RAWDATA,1,Qualcomm,
1042,1042,4,6,RAWDATA,2,Premium,
1043,1043,4,6,RAWDATA,3,SM8950,
1044,1044,4,6,RAWDATA,4,Snapdragon 8 Gen5,
1045,1045,4,6,RAWDATA,5,K3KL3L30FM-BGCR,
1046,1046,4,6,RAWDATA,6,"1bnm",
1047,1047,4,6,RAWDATA,7,UFS 4.1,
1048,1048,4,6,RAWDATA,8,"12GB",
1049,1049,4,6,RAWDATA,9,TLC,
1050,1050,4,6,RAWDATA,10,LP7 272b,
1051,1051,4,6,RAWDATA,11,"25/04/03",
1052,1052,4,6,RAWDATA,12,KR,
1053,1053,4,6,RAWDATA,13,In Progress,
1054,1054,4,6,RAWDATA,14,Check part no.,
1055,1055,4,6,RAWDATA,15,,
1056,1056,4,6,RAWDATA,16,,
1057,1057,4,6,RAWDATA,17,,
1058,1058,4,6,RAWDATA,18,,
1059,1059,4,6,RAWDATA,19,,
1060,1060,4,6,RAWDATA,20,,
1061,1061,4,7,RAWDATA,1,Qualcomm,
1062,1062,4,7,RAWDATA,2,Advanced,
1063,1063,4,7,RAWDATA,3,SM8735,
1064,1064,4,7,RAWDATA,4,Snapdragon 8s Gen3,
1065,1065,4,7,RAWDATA,5,K3KK3K30CM-BGCR,
1066,1066,4,7,RAWDATA,6,"1bnm",
1067,1067,4,7,RAWDATA,7,UFS 4.0,
1068,1068,4,7,RAWDATA,8,"8GB",
1069,1069,4,7,RAWDATA,9,TLC,
1070,1070,4,7,RAWDATA,10,LP8X 496b,
1071,1071,4,7,RAWDATA,11,"25/03/20",
1072,1072,4,7,RAWDATA,12,JH,
1073,1073,4,7,RAWDATA,13,Fail,
1074,1074,4,7,RAWDATA,14,Voltage drop,
1075,1075,4,7,RAWDATA,15,,
1076,1076,4,7,RAWDATA,16,,
1077,1077,4,7,RAWDATA,17,,
1078,1078,4,7,RAWDATA,18,,
1079,1079,4,7,RAWDATA,19,,
1080,1080,4,7,RAWDATA,20,,
1081,1081,4,8,RAWDATA,1,Qualcomm,
1082,1082,4,8,RAWDATA,2,Premium,
1083,1083,4,8,RAWDATA,3,SM8975,
1084,1084,4,8,RAWDATA,4,Snapdragon 8 Elite+,
1085,1085,4,8,RAWDATA,5,K3KL5L50FM-BGCR,
1086,1086,4,8,RAWDATA,6,"1bnm",
1087,1087,4,8,RAWDATA,7,UFS 4.1,
1088,1088,4,8,RAWDATA,8,"16GB",
1089,1089,4,8,RAWDATA,9,TLC,
1090,1090,4,8,RAWDATA,10,LP8X 496b,
1091,1091,4,8,RAWDATA,11,"25/04/10",
1092,1092,4,8,RAWDATA,12,KR,
1093,1093,4,8,RAWDATA,13,Pass,
1094,1094,4,8,RAWDATA,14,,
1095,1095,4,8,RAWDATA,15,"25/04/18",
1096,1096,4,8,RAWDATA,16,JH,
1097,1097,4,8,RAWDATA,17,Pass,
1098,1098,4,8,RAWDATA,18,,
1099,1099,4,8,RAWDATA,19,,
1100,1100,4,8,RAWDATA,20,,
1101,1101,4,9,RAWDATA,1,Qualcomm,
1102,1102,4,9,RAWDATA,2,Premium,
1103,1103,4,9,RAWDATA,3,SM8845,
1104,1104,4,9,RAWDATA,4,Snapdragon 8s Gen4,
1105,1105,4,9,RAWDATA,5,K3KLELE0FB-BGCR,
1106,1106,4,9,RAWDATA,6,"1anm",
1107,1107,4,9,RAWDATA,7,UFS 4.1,
1108,1108,4,9,RAWDATA,8,"24GB",
1109,1109,4,9,RAWDATA,9,TLC,
1110,1110,4,9,RAWDATA,10,LP8X 496b,
1111,1111,4,9,RAWDATA,11,"25/04/15",
1112,1112,4,9,RAWDATA,12,JH,
1113,1113,4,9,RAWDATA,13,In Progress,
1114,1114,4,9,RAWDATA,14,,
1115,1115,4,9,RAWDATA,15,,
1116,1116,4,9,RAWDATA,16,,
1117,1117,4,9,RAWDATA,17,,
1118,1118,4,9,RAWDATA,18,,
1119,1119,4,9,RAWDATA,19,,
1120,1120,4,9,RAWDATA,20,,
1121,1121,5,0,RAWDATA,21,Qualcomm,
1122,1122,5,0,RAWDATA,22,Premium,
1123,1123,5,0,RAWDATA,23,SM8750,
1124,1124,5,0,RAWDATA,24,Snapdragon 8 Elite,
1125,1125,5,0,RAWDATA,25,K3KL5L50EB-BGCY,
1126,1126,5,0,RAWDATA,26,"1bnm",
1127,1127,5,0,RAWDATA,27,UFS 4.0,
1128,1128,5,0,RAWDATA,28,"16GB",
1129,1129,5,0,RAWDATA,29,TLC,
1130,1130,5,0,RAWDATA,30,LP5X 496b,
1131,1131,5,0,RAWDATA,31,"25/01/10",
1132,1132,5,0,RAWDATA,32,JH,
1133,1133,5,0,RAWDATA,33,Pass,
1134,1134,5,0,RAWDATA,34,,
1135,1135,5,0,RAWDATA,35,"25/01/20",
1136,1136,5,0,RAWDATA,36,KR,
1137,1137,5,0,RAWDATA,37,Pass,
1138,1138,5,0,RAWDATA,38,,
1139,1139,5,0,RAWDATA,39,,
1140,1140,5,0,RAWDATA,40,,
1141,1141,5,1,RAWDATA,21,Qualcomm,
1142,1142,5,1,RAWDATA,22,Premium,
1143,1143,5,1,RAWDATA,23,SM8650,
1144,1144,5,1,RAWDATA,24,Snapdragon 8 Gen3,
1145,1145,5,1,RAWDATA,25,K3KL4L40FA-BGCY,
1146,1146,5,1,RAWDATA,26,"1bnm",
1147,1147,5,1,RAWDATA,27,UFS 4.0,
1148,1148,5,1,RAWDATA,28,"12GB",
1149,1149,5,1,RAWDATA,29,TLC,
1150,1150,5,1,RAWDATA,30,LP5X 496b,
1151,1151,5,1,RAWDATA,31,"24/10/05",
1152,1152,5,1,RAWDATA,32,JH,
1153,1153,5,1,RAWDATA,33,Pass,
1154,1154,5,1,RAWDATA,34,,
1155,1155,5,1,RAWDATA,35,"24/10/15",
1156,1156,5,1,RAWDATA,36,KR,
1157,1157,5,1,RAWDATA,37,Pass,
1158,1158,5,1,RAWDATA,38,,
1159,1159,5,1,RAWDATA,39,"24/11/01",
1160,1160,5,1,RAWDATA,40,JH,
1161,1161,5,2,RAWDATA,21,Qualcomm,
1162,1162,5,2,RAWDATA,22,Premium,
1163,1163,5,2,RAWDATA,23,SM8550,
1164,1164,5,2,RAWDATA,24,Snapdragon 8 Gen2,
1165,1165,5,2,RAWDATA,25,K3KL3L30EM-BGCO,
1166,1166,5,2,RAWDATA,26,"1bnm",
1167,1167,5,2,RAWDATA,27,UFS 3.1,
1168,1168,5,2,RAWDATA,28,"12GB",
1169,1169,5,2,RAWDATA,29,TLC,
1170,1170,5,2,RAWDATA,30,LP5X 272b,
1171,1171,5,2,RAWDATA,31,"24/03/12",
1172,1172,5,2,RAWDATA,32,KR,
1173,1173,5,2,RAWDATA,33,Pass,
1174,1174,5,2,RAWDATA,34,,
1175,1175,5,2,RAWDATA,35,"24/03/22",
1176,1176,5,2,RAWDATA,36,JH,
1177,1177,5,2,RAWDATA,37,Pass,
1178,1178,5,2,RAWDATA,38,,
1179,1179,5,2,RAWDATA,39,,
1180,1180,5,2,RAWDATA,40,,
1181,1181,5,3,RAWDATA,21,Qualcomm,
1182,1182,5,3,RAWDATA,22,Advanced,
1183,1183,5,3,RAWDATA,23,SM8475,
1184,1184,5,3,RAWDATA,24,Snapdragon 8+ Gen1,
1185,1185,5,3,RAWDATA,25,PDBEREAGY0B1,
1186,1186,5,3,RAWDATA,26,"1bnm",
1187,1187,5,3,RAWDATA,27,UFS 3.1,
1188,1188,5,3,RAWDATA,28,"16GB",
1189,1189,5,3,RAWDATA,29,TLC,
1190,1190,5,3,RAWDATA,30,LP6 1295b,
1191,1191,5,3,RAWDATA,31,"23/11/08",
1192,1192,5,3,RAWDATA,32,JH,
1193,1193,5,3,RAWDATA,33,Pass,
1194,1194,5,3,RAWDATA,34,,
1195,1195,5,3,RAWDATA,35,"23/11/18",
1196,1196,5,3,RAWDATA,36,KR,
1197,1197,5,3,RAWDATA,37,Pass,
1198,1198,5,3,RAWDATA,38,,
1199,1199,5,3,RAWDATA,39,,
1200,1200,5,3,RAWDATA,40,,
1201,1201,5,4,RAWDATA,21,Qualcomm,
1202,1202,5,4,RAWDATA,22,Advanced,
1203,1203,5,4,RAWDATA,23,SM8635,
1204,1204,5,4,RAWDATA,24,Snapdragon 7s Gen3,
1205,1205,5,4,RAWDATA,25,K3KL5L50EB-BGCY,
1206,1206,5,4,RAWDATA,26,"1bnm",
1207,1207,5,4,RAWDATA,27,UFS 4.0,
1208,1208,5,4,RAWDATA,28,"16GB",
1209,1209,5,4,RAWDATA,29,TLC,
1210,1210,5,4,RAWDATA,30,LP5X 496b,
1211,1211,5,4,RAWDATA,31,"25/02/14",
1212,1212,5,4,RAWDATA,32,KR,
1213,1213,5,4,RAWDATA,33,In Progress,
1214,1214,5,4,RAWDATA,34,Timing margin,
1215,1215,5,4,RAWDATA,35,,
1216,1216,5,4,RAWDATA,36,,
1217,1217,5,4,RAWDATA,37,,
1218,1218,5,4,RAWDATA,38,,
1219,1219,5,4,RAWDATA,39,,
1220,1220,5,4,RAWDATA,40,,
1221,1221,5,5,RAWDATA,21,Qualcomm,
1222,1222,5,5,RAWDATA,22,Premium,
1223,1223,5,5,RAWDATA,23,SM8850,
1224,1224,5,5,RAWDATA,24,Snapdragon 8 Gen4,
1225,1225,5,5,RAWDATA,25,K3KLELE0EA-BGCY,
1226,1226,5,5,RAWDATA,26,"1bnm",
1227,1227,5,5,RAWDATA,27,UFS 4.0,
1228,1228,5,5,RAWDATA,28,"24GB",
1229,1229,5,5,RAWDATA,29,TLC,
1230,1230,5,5,RAWDATA,30,LP5X 496b,
1231,1231,5,5,RAWDATA,31,"25/03/05",
1232,1232,5,5,RAWDATA,32,JH,
1233,1233,5,5,RAWDATA,33,Pass,
1234,1234,5,5,RAWDATA,34,,
1235,1235,5,5,RAWDATA,35,"25/03/15",
1236,1236,5,5,RAWDATA,36,KR,
1237,1237,5,5,RAWDATA,37,Pass,
1238,1238,5,5,RAWDATA,38,,
1239,1239,5,5,RAWDATA,39,"25/04/01",
1240,1240,5,5,RAWDATA,40,JH,
1241,1241,5,6,RAWDATA,21,Qualcomm,
1242,1242,5,6,RAWDATA,22,Premium,
1243,1243,5,6,RAWDATA,23,SM8950,
1244,1244,5,6,RAWDATA,24,Snapdragon 8 Gen5,
1245,1245,5,6,RAWDATA,25,K3KL3L30FM-BGCR,
1246,1246,5,6,RAWDATA,26,"1bnm",
1247,1247,5,6,RAWDATA,27,UFS 4.1,
1248,1248,5,6,RAWDATA,28,"12GB",
1249,1249,5,6,RAWDATA,29,TLC,
1250,1250,5,6,RAWDATA,30,LP7 272b,
1251,1251,5,6,RAWDATA,31,"25/04/03",
1252,1252,5,6,RAWDATA,32,KR,
1253,1253,5,6,RAWDATA,33,In Progress,
1254,1254,5,6,RAWDATA,34,Check part no.,
1255,1255,5,6,RAWDATA,35,,
1256,1256,5,6,RAWDATA,36,,
1257,1257,5,6,RAWDATA,37,,
1258,1258,5,6,RAWDATA,38,,
1259,1259,5,6,RAWDATA,39,,
1260,1260,5,6,RAWDATA,40,,
1261,1261,5,7,RAWDATA,21,Qualcomm,
1262,1262,5,7,RAWDATA,22,Advanced,
1263,1263,5,7,RAWDATA,23,SM8735,
1264,1264,5,7,RAWDATA,24,Snapdragon 8s Gen3,
1265,1265,5,7,RAWDATA,25,K3KK3K30CM-BGCR,
1266,1266,5,7,RAWDATA,26,"1bnm",
1267,1267,5,7,RAWDATA,27,UFS 4.0,
1268,1268,5,7,RAWDATA,28,"8GB",
1269,1269,5,7,RAWDATA,29,TLC,
1270,1270,5,7,RAWDATA,30,LP8X 496b,
1271,1271,5,7,RAWDATA,31,"25/03/20",
1272,1272,5,7,RAWDATA,32,JH,
1273,1273,5,7,RAWDATA,33,Fail,
1274,1274,5,7,RAWDATA,34,Voltage drop,
1275,1275,5,7,RAWDATA,35,,
1276,1276,5,7,RAWDATA,36,,
1277,1277,5,7,RAWDATA,37,,
1278,1278,5,7,RAWDATA,38,,
1279,1279,5,7,RAWDATA,39,,
1280,1280,5,7,RAWDATA,40,,
1281,1281,5,8,RAWDATA,21,Qualcomm,
1282,1282,5,8,RAWDATA,22,Premium,
1283,1283,5,8,RAWDATA,23,SM8975,
1284,1284,5,8,RAWDATA,24,Snapdragon 8 Elite+,
1285,1285,5,8,RAWDATA,25,K3KL5L50FM-BGCR,
1286,1286,5,8,RAWDATA,26,"1bnm",
1287,1287,5,8,RAWDATA,27,UFS 4.1,
1288,1288,5,8,RAWDATA,28,"16GB",
1289,1289,5,8,RAWDATA,29,TLC,
1290,1290,5,8,RAWDATA,30,LP8X 496b,
1291,1291,5,8,RAWDATA,31,"25/04/10",
1292,1292,5,8,RAWDATA,32,KR,
1293,1293,5,8,RAWDATA,33,Pass,
1294,1294,5,8,RAWDATA,34,,
1295,1295,5,8,RAWDATA,35,"25/04/18",
1296,1296,5,8,RAWDATA,36,JH,
1297,1297,5,8,RAWDATA,37,Pass,
1298,1298,5,8,RAWDATA,38,,
1299,1299,5,8,RAWDATA,39,,
1300,1300,5,8,RAWDATA,40,,
1301,1301,5,9,RAWDATA,21,Qualcomm,
1302,1302,5,9,RAWDATA,22,Premium,
1303,1303,5,9,RAWDATA,23,SM8845,
1304,1304,5,9,RAWDATA,24,Snapdragon 8s Gen4,
1305,1305,5,9,RAWDATA,25,K3KLELE0FB-BGCR,
1306,1306,5,9,RAWDATA,26,"1anm",
1307,1307,5,9,RAWDATA,27,UFS 4.1,
1308,1308,5,9,RAWDATA,28,"24GB",
1309,1309,5,9,RAWDATA,29,TLC,
1310,1310,5,9,RAWDATA,30,LP8X 496b,
1311,1311,5,9,RAWDATA,31,"25/04/15",
1312,1312,5,9,RAWDATA,32,JH,
1313,1313,5,9,RAWDATA,33,In Progress,
1314,1314,5,9,RAWDATA,34,,
1315,1315,5,9,RAWDATA,35,,
1316,1316,5,9,RAWDATA,36,,
1317,1317,5,9,RAWDATA,37,,
1318,1318,5,9,RAWDATA,38,,
1319,1319,5,9,RAWDATA,39,,
1320,1320,5,9,RAWDATA,40,,
